text	label
Kansas GOP leadership just successfully blocked Medicaid expansion for another legislative session — in the middle of a pandemic and economic crisis. That’s so deeply irresponsible. #KSSen  #KSLeg  	0
PGH confirms increase in  coronavirus  patients #COVID19    …	0
Trump may be done with the  coronavirus  but the  coronavirus  is not done with America by a long shot	0
Wearily re-upping this piece: The bit in Part III about people spreading the virus before symptoms is still applicable, as, sadly, is the bit in Part V about the WHO's messaging failures. The confusion continues.  	0
1/Four out of the five most populous counties in Texas — Dallas, Harris, Bexar and Travis — have hit their highest seven-day average of new cases of #coronavirus  in the last week. Dallas and Harris are currently at their highs.   	0
Florida's Gov. Ron DeSantis shrugs off bad  coronavirus  news as cases rocket 35% in a single day.    	0
A lot of cities are canceling Fourth of July celebrations because of the  coronavirus . You can gather to riot but not celebrate our country?   Liberal hypocrisy at its finest.	0
URGENT ALERT!!!  All MAGA Morons, before you attend your  coronavirus  trump rally, do not forget to sign your waiver saying if you get  coronavirus , it is not trumps fault.  By the way, when you attend, the person standing next to you who coughed probably has  coronavirus .  Enjoy!!!  	0
Coronavirus : Huge disruption to cancer care revealed    	0
Dr. Fauci delivered a grim assessment of #coronavirus  calling #COVID19  his “worst nightmare”—highly contagious respiratory infection causing serious illness & death.  “In a period of 4 months, it has devastated the whole world. And it isn’t over yet.”  	0
If we had a president who told people to wear masks, less Americans would end up dying of  coronavirus	0
Trump’s mishandling of #COVID19  and his senseless economic policies led us into a recession and brought an end to the longest economic expansion in American history. This is his legacy.   	0
14 states and Puerto Rico hit highest seven-day average of new  coronavirus  infections    	0
Fucking  Coronavirus     	0
Something I don't think is appreciated is the extent to which current  coronavirus  spread in the US is occurring at a medium-high level in many places, as opposed to a super-high level in some places.  At the peak in NYC, an estimated 11% of people had an active COVID infection!	0
Coronavirus : Beijing shuts food market and goes into in 'wartime emergency mode' after spike in COVID-19 cases   	0
Survey reveals French public has lost confidence in scientists during the  coronavirus  pandemic    	0
A*tifa is old hat in the U.K. they failed. BLM doesn’t exist because it’s never an issue. The MSM always use crowd footage from other events and edit crowd numbers. I’ve been apart of fake news. MSM is being ignored on mass because of  coronavirus . They have dug their own grave #Q	0
Iran is struggling to maintain its influence over Iraqi militias since the killing of a top Iranian general and top militia leader in a U.S. drone strike. Iran's economy is being hammered by the combination of U.S. sanctions and the  coronavirus  pandemic.    	0
The  coronavirus  crisis won't give Boris Johnson an alibi for a calamitous Brexit. Failure to strike an agreement with the EU will inflict a terrible double whammy on the economy.   	0
By now, we ought to be seeing some evidence of increasing #COVID19  cases from the mass protests. That we are not (and not even an increase in testing demand) raises very serious doubts about the #coronavirus  lockdowns and other NPIs (many of which are still ongoing). (thread  )	0
Once again Trump Admin is not prepared. Why wasn’t this anticipated? Remdesivir, the only drug known to work for Covid-19 treatment will run out at the end of this month. Guess it’s not one of Jared Kushner’s “success stories”  	0
Oh look.  Coronavirus  didn't go anywhere. We're all still dying. Nice of Trump and the gang to just ignore it.  @realDonaldTrump  , #KillingAmerica  , one day at a time! Good times America! Good times!!!    …	0
As the rioters and looters took to the streets for two weeks the media said they were expressing their feelings.  Now that we are talking about Trump rallies all of the sudden the media is talking about the surge of  coronavirus .   Hypocrisy at its finest.	0
Even WHO no longer believes the myth of the asymptomatic COVID carrier.   #ReopenAmerica  	0
As theaters and clubs remain closed, 90% of independent venue owners, promoters and bookers say that they will have to close permanently within the next few months without assistance.   	0
Every day I hear of another dear one being affected with #COVID19 . It is now spreading in Pak like the wildfire. May Allah keep everyone safe. Prayers for all those that are fighting #coronavirus  righ lt now. Stay strong! #COVID19Pakistan  #SocialDistancing	0
With nearly 1,100 dead and hospitalizations spiking rapidly in Arizona, lawmakers and medical professionals are warning there might not be enough emergency room beds to handle what could be a big influx of new cases.    	0
The  coronavirus  pandemic is ebbing in some of the countries that were hit hard early on. But the number of new cases worldwide is growing, with more than 100,000 reported each day.     	0
"We need to move on from the ""people were allowed to protest the  coronavirus  because they were white"" narrative. They were not all white, some were arrested, they didn't loot or burn anything, and it is their legal right to open carry. These two photo definitely aren't different.  "	0
Imran Khan & Chairman NAB are responsible for Mr. Shebaz Sharif contracting  Coronavirus . He had informed NAB to investigate him on Skype but ego of Khan is taller than well being of people & he was forced to expose himself to virus. Prayers for his speedy recovery @CMShehbaz	0
The reporter on @Skynews  is in Selfridges saying the whole place has been “rebuilt around the 2 metre rule” ...as a shopper literally brushes his arm as he walks past #coronavirus   	0
CDC warns U.S. may reimplement strict  coronavirus  measures if cases go up 'dramatically'    	0
80% of US voters believe things are out of control in the country, with majorities concerned about the  coronavirus , the economy and President Trump’s ability to unite the nation, according to latest NBC News/WSJ poll.    	0
Are they literally f****** kidding!?! Shut down Nations, demolish economies, lock people inside their homes, strip their sanity and freedom only now to state ASYMPTOMATIC SPREAD IS 'EXTREMELY RARE'! But don't worry no one will protest over this! #Scamdemic 	0
coronavirus  out of control in AZ and doug ducey is still in charge ...  	0
To KHive: KHive who? Ever since one of your people wished the  Corona virus  on Warren and Harris hasn’t denounced it...I’ve been trying to find a single fuck to give to you and your “Beyoncé BeeHive” rip off of a name and following. No fucks found, none given.  . #KHivefuckoff	0
"Biden says Trump’s handling of the  coronavirus  pandemic was ""almost criminal""    "	0
COVID-19 has taken away everything we had our freedom, our peace of mind and even our lives. Now, the time has come to take revenge on the  coronavirus  by digesting it, literally. #CoronaFreeBharat_withPatanjali  	0
117,000 Americans have now died from the  coronavirus . There is no cure. There is no vaccine. There still aren’t enough tests. Or tracing. Cases are spiking in some states. And the president of the United States has absolutely no plan to do anything about it.	0
We aren’t even out of the first wave of covid. Come on people!! 	0
Wigan has more  Coronavirus  deaths than Australia and New Zealand combined.	0
We often accuse the right of distorting science. But the left changed the  coronavirus  narrative overnight | Thomas Chatterton Williams	0
Texas saw a surge of COVID-19 cases in our private detention centers this week.   Sen. Cornyn is a top recipient of campaign money from the private detention industry. So what is he doing about it? Nothing.  	0
How  corona virus  ruined whole year     …	0
Cuomo threatens to shut down Manhattan, Hamptons again if  coronavirus  social-distancing rules broken//This genius must have been in a coma the past two weeks. Did he miss a million people screaming and spitting two feet from each other for days?! #moron  	0
As of this week, more than 30,000 people have died from the  coronavirus  in Brazil, including 1,262 on Tuesday — which was the nation’s highest one-day total.  The country is nearing 800,000 cases, second only to the U.S.     	0
Boris Johnson's 11 fatal errors in handling  coronavirus  crisis which cost lives   	0
Bald men may be hit harder by  coronavirus , scientists fear     	0
Coronavirus  is murdering American citizens  Donald Trump's solution  PLEASE DO NOT SUE ME IF YOU CATCH THE  CORONAVIRUS  AT MY RALLY   ARE YOU FUCKING* KIDDING ME  110 STILL COUNTING DEAD FROM THE  CORONAVIRUS   TRUMP DON'T GIVE A FUK ABOUT NO ONE EXCEPT HIMSELF AND HIS RE-ELECTION  	0
The global seafood industry is to sustain a temporary blow after the latest #coronavirus  outbreak Beijing's Fengtai District, causing salmon sales to be suspended nationwide, analysts said.     	0
Unreal. As Trump resumes indoor rallies, his campaign has implemented a new policy that attendees CANNOT SUE if they contract  coronavirus  at an event.  Trump supporters, please think about what this means: the man does not care if you live or die.   	0
6 hour lines to vote   Hundreds of polling places closed   States unprepared for mail voting   Huge numbers of ballots rejected   Voter suppression we’re seeing in Georgia today could happen nationwide in Nov if we don’t need fix broken voting system ASAP   	0
# Coronavirus  fatalities in Iran exceeded 50,000 - This catastrophe and such great loss of lives could have been avoided. The death toll in #Iran  and even the official figures could not be compared to the death toll in other countries in the Middle East.   	0
Netanyahu says public carelessness driving  coronavirus  infections up   	0
BREAKING: Florida reports another 2,016 cases of #coronavirus  on Sunday morning as some leaders consider if stay-at-home orders need to be put back in place  	0
Why hasn’t @SpeakerPelosi  pushed to freeze rent during the  coronavirus  pandemic?   San Francisco is one of the most expensive zip codes to live in.   Perhaps, she’s got 365,000 reasons not to oppose landlords. #ReplacePelosi 	0
L.A. County  Coronavirus  Update: Highest Single-Day Total of New Cases Since Pandemic Began     	0
Yesterday’s scenes of violence, desecration and racism were shameful. If you’re concerned about right-wing extremism, there’s lots of helpful advice and guidance on @hopenothate ’s website. Take a look:  	0
"Trump's rally ""meets every criteria for the riskiest type of event""  One expert: ""With a little bad luck, that scenario could end in the seeding of community outbreaks of COVID-19 across the U.S.”  For Trump, it's always politics over the nation's welfare  "	0
So, it begins... again!   Second wave of  coronavirus  is happening, in China. 	0
The same people who have fanatically supported BLM mass gatherings for the last 2 weeks are now berating people for queuing outside shops on Oxford Street.  Remember,  coronavirus  is woke - it takes a break for far-left causes...apparently.	0
The Government wants to suspend free travel for under-18s in London - a move that will disproportionately hit vulnerable children and children from low-income households. I won’t help them do it. 	0
The NHS self-built #coronavirus  tracing app isn’t going very well. Not that anyone could have see that coming...   and  @BorisJohnson  is cross about it, report @SarahNev  @helenwarrell  @Laura_K_Hughes        	0
Was anything we were told about the  coronavirus  true? 	0
We are currently overwhelmed with what’s happening in our cities but spare a thought for the people of eastern Uttar Pradesh.  One  coronavirus  testing lab for a population of 30 million.   I report from Jaunpur and Varanasi.       …	0
Deep-rooted inequality and graft have thwarted the steps Peru took to prepare for its response to the  coronavirus  pandemic.     	0
That's just crazy. Bickering between government and opposition meant they can't even agree to debate a bill to help those with disabilities and crack down on  coronavirus  assistance cheats. So debate delayed until next week. Good grief.	0
Texas is in rough shape, man.  	0
With protests are mostly over, the press is desperately trying to return to pushing the lockdown. Too late.  We know they are liars, and that they will break any lockdown rule whenever they want.  	0
If the Government opens up the country now there are risks. But if doesn't open up there is a certainty. Britain as we know it will cease to exist. GDP falls of 20% in a month represent an existential threat to the UK.  Coronavirus  - for all the paint it has brought - does not.	0
“If we make cuts to higher education now, if we undermine public higher [education] as a driver of economic opportunity, we will hurt the economy 5, 10, 15 years out,” says former Secretary of Education John King about the economic impacts of  coronavirus .     	0
Tear Gas Is Way More Dangerous Than Police Let On.  Especially During the  Coronavirus  Pandemic.  #BlackLivesMatter  #BeTheChange4USA  #BeTheChange4Justice  #NeverForget  	0
People don’t just burn down a Wendy’s like this out of normal anger and frustration. We have reached a boiling point in our country when it comes to racial and economic injustice. The  coronavirus  shutdown and the uncertainty for our future is the perfect formula for a revolution.	0
All students are devastated, some are being pressurised by their PGs, hostel wardens to leave immediately even though they have final externals from tomorrow onwards, while some are hopelessly waiting for joining letters. #rgpv_spreading_ corona_virus   @PMOIndia  @ChouhanShivraj    …	0
Andre Guest was a black 16-year-old who was living in strict lockdown.  Coronavirus  killed him in 12 days.  Poor baby.     -old-dies-suddenly-from-covid-19/  …	0
"Sorry but you can't claim to be the most transparent president in history and then try to keep $511 billion in taxpayer funded loans ""confidential.""   "	0
We just broke the downtrend on #COVID19  in America.  #CoronaVirus  #Protests 	0
On the streets of New Haven, CT, Margaret Holloway was known as the “Shakespeare Lady,” a tall, striking woman in ragged clothing who recited dramatic monologues for spare change. She succumbed to #coronavirus .   	0
The WHO now says asymptomatic  coronavirus  carriers spreading the virus is “very rare.” So why did we lock down again?   	0
It's worth remembering how often @realDonaldTrump  has misled American about #COVID19  .   	0
The  coronavirus  is worse than ever in Alabama. ADPH shows 848 new cases since yesterday, the most in a day since the start of the pandemic. It also pushes the 7-day average of new daily cases to an all-time high of nearly 530 (the first time it's been over 500).  	0
Illegal Immigration is a HUGE problem that no one is talking about because of  CORONA VIRUS .  We need to bring attention back to our borders and back to the crisis of illegal immigration.  Our immigration system is broken and it must be fixed!  #PutSouthAfricansFirstNow	0
The world has seen more than 7.4 million reported cases of the  coronavirus  as of Thursday afternoon. At least 417,700 people have died.   In many places, the virus has only now arrived, with ever-increasing numbers of cases and deaths.    	0
Corona virus  cases in India recorded more than 11,000  in last 24 hours for the very first time and it is the highest record till now. In the mean time our state govt. want to take exam. Is it necessary or luxury?? #BengalAgainstExam  @MamataOfficial  @itsofficial	0
“Dr. Anthony S. Fauci, delivered a grim assessment of the devastation wrought around the world by the virus, describing Covid-19 on Tuesday as his ‘worst nightmare’. He said ‘We’re at the beginning of it’.”   	0
Coronavirus  doesn’t give a shit what you’re protesting 	0
I worry that the recognition we gave to passing 100,000 Americans killed by  coronavirus  also marked the end of many people's continuing concern about the pandemic.  13,000+ have died just since that moment.   This isn't done. We can't just stick our heads in the sand.	0
We have just passed another grim milestone: 116,527 Americans have died from the  coronavirus , more than were lost in WW I.  Sadly, we seem to have normalized death. There was much ballyhoo when we passed 9/11, the Korean and then Vietnam War.  We are tragically becoming numb. 	0
So, according to the WSJ, the recession actually began before  coronavirus  stay at home orders.  This recession was caused by Trump economic policy failures.  	0
Jane Austen museum under threat due to  coronavirus   	0
This isn't good: COVID19 hospitalizations have been on the rise since Memorial Day in Texas, the Carolinas, Calif., Oregon, Ark., Miss., Utah, and Arizona. Overall, the US continues to have 20,000 known cases per day and testing is down rather than up.  	0
# PMIKLeadingPakistan  Former PM Yousuf Raza Gilani tests positive for  coronavirus   	0
We want Concession in University fees...... @numlofficial1  #coronavirus	0
 117,527 Americans dead from the  coronavirus .     117,527 Americans dead from the  coronavirus .     117,527 Americans dead from the  coronavirus .     Black Americans are 12.4% of the total population but compose 24.3% of deaths.    #BlackLivesMatter	0
The venue @realDonaldTrump  is holding his rally at has canceled every other event in June because of the  coronavirus 	0
"This should make every person in the world MAD as hell reading this   Esp. those of us who've been locked down in our homes & forced out of businesses for mnths. Or arrested for ""defying CoVid Lockdown orders.""  This letter is the Elite OPENLY MOCKING us.   "	0
WATCH: Large groups gathering - whatever the reason - risk spreading #coronavirus  & risks lives  	0
The  coronavirus  is still killing thousands of Americans every week, but Trump isn't very interested    	0
NEW: The U.S. has now surpassed 2 million confirmed  coronavirus  cases. New infections are rising in at least 20 states, even as restrictions on daily life continue to ease.    	0
The Fed said if economic activity remained weak due to virus-related disruptions more businesses could fail, leading more temporary layoffs to become permanent   	0
Here’s maybe the most revealing fact about how health insurance corporations really see the current climate in America: They’re reaping massive profits this year. In the middle of a pandemic that’s devastating communities of color. (8/9) 	0
When we pass 200,000  coronavirus  deaths, will anyone even notice?	0
WH announces Jared has been undergoing 2 years of Botox as a  Coronavirus  vaccine. Results are disappointing. He’s lost his dimples and turned into Stephen Miller.  	0
Joe Biden was the first to get THE DEMOCRATIC FOUR PACK of  CORONAVIRUS  MASKS. All the money raised is going to help #ANTIFA  during the next surge of RIOTS. They are just regrouping and drawing up new battle plans on how to attack the POLICE next.  	0
"Joe Biden says Trump's handling of the  coronavirus  pandemic was ""almost criminal.""    "	0
The US can expect that another 100,000 people will die from #coronavirus  by September, Dr. Ashish Jha, director of the Harvard Global Health Institute #COVID19	0
George Floyd death: Protests 'undoubtedly risk' increasing  coronavirus  cases, Matt Hancock says   more demos thousands more dead end of racism fucking idiots wake up plebs of  britain	0
Young Americans are having less sex — and they can’t even blame the  coronavirus  pandemic for this one 	0
“he acquired a following on YouTube under the name Battery Geek. His videos include computer advice and reviews and demonstrations of everything from generators to solar flashlights.”  The Detroiter is now dead of  coronavirus  at 31.     	0
UPDATED: Rising COVID-19 hospitalizations in Travis County trigger Stage 4 recommendations   	0
Health experts warn of the potential for COVID-19 spread when President Trump resumes his rallies next weekend in Oklahoma. Trump plans to speak before supporters indoors at a 19,000-seat arena in Tulsa on Saturday.   	0
A housing apocalypse is coming.  A tsunami of renter evictions will happen unless we get seriously organized.  Working people's homeownership was destroyed after Great Recession, especially sharply for black & Latinx. That homeownership never recovered. …	0
the                                      coronavirus                     pandemic                      isn't                                        over              just                                         because    the                           weather    changed.  	0
This is a tragedy we knew was coming. “Nearly 2,000 people in and around Leticia are sick with COVID-19. About 70 have died. That might not sound like a colossal death toll at first. This amounts to the highest per-capita death rate in all of Colombia”  	0
Starbucks says it lost $3 billion in revenue in latest quarter due to  coronavirus  pandemic    	0
More evidence that @realDonaldTrump  lives in a bunker reality different from ordinary Americans.  #ThursdayThoughts  	0
Seizure of BLM  coronavirus  masks raises questions about whether a government agency is surveilling activists through the USPS.  Nixon would be proud.   	0
Kudlow to @jaketapper : “Hospitalizations may be going up but that’s because elected procedures are now permitted.”   Texas has reported the number of those hospitalized with  Coronavirus  is at an all-time high. Arizona warned that its ICU’s are filling up with COVID-19 cases.	0
$87 million dollars is a lot of hard-earned tax payer money. And at the moment money is hard to come by for a lot of New Zealanders. One principal says he now has $70,000 of modems stored in a school cupboard. What a terrible waste.  #education  #nzpol  	0
Minuchin and the Trump administration refuse to reveal who got the 500 billion in aid. Why don’t we call this what it is white collar looting but its billions they are stealing #EndTrumpsWarOnAmerica  	0
This is our money. And these kleptocrats refuse to say where the  money went. We are not talking about $5 million. Or even $500 million. We are talking about $511 billion they refuse to say who received it.  	0
Nursing homes have proven to be some of the most vulnerable places for spreading the novel  coronavirus , yet some states across the country are providing perverse incentives for bad nursing homes to take COVID-19 patients.  	0
Who is 'we' Governor because I am hard-pressed to believe 'we' received 25,000 complaints of reopening violations -- and, of course, those complaints would be public record.  That said, give it up! There is no pandemic - it's over - take off your 'mask'  	0
Remember: Steve Mnuchin is refusing to disclose which companies received more than $500 billion in taxpayer funds. Americans deserve to know whether this administration is serving working families, or just enriching corporate execs and wealthy friends.  	0
90% of the UK  coronavirus  cases traced back to holiday hotspots Spain, France, Belgium and Italy. At the height of the pandemic, there were no quarantine rules for arrivals and still no tests. The govt negligence caused thousands of avoidable deaths.  	0
Do I support masks?  Yes.   Mask wearing is an important component of a suite of things we can do to stop  coronavirus .   Does this paper earn its title? Do their data justify the conclusions?  No.   I just don’t see it.   And why has no one noticed this?    	0
Yesterday, the U.S. surpassed 2 million  coronavirus  cases — and the virus is still killing nearly 1,000 Americans per day. It’s heartbreaking.   This pandemic is not behind us and we need to stay vigilant in making sure our communities are prepared.	0
BREAKING: There are now over 113,000 American deaths from  coronavirus  and over 2 million cases. Trump is the biggest failure and fraud ever. This is on him.	0
Devastating new homelessness numbers in Los Angeles. The homeless population in the county increased 13% to 66,433 — equivalent to a city the size of Redondo Beach. These figures DON'T take into account the effects of the  coronavirus  pandemic  	0
Iran's destitute street children abused, blamed for  coronavirus       via @upi	0
ALERT: Trump to speak at West Point graduation despite Cuomo’s  coronavirus  orders, infections on campus - Global Pandemic News | #Coronavirus  #COVID19  #Protests	0
Wisconsin was a wake up call. Georgia was a siren.  If we don’t urgently expand vote by mail AND make it easy to vote safely in person, millions will be disenfranchised in November & legitimacy of 2020 election will be questioned   	0
A second wave of the  coronavirus  is on the way. When it arrives, we will lack the will to deal with it.  Despite all the sacrifices of the past months, the virus is likely to win.  My latest @TheAtlantic .  [Thread.]  	0
*rubs temples*   Trump visits Maine factory to tout increased production of  coronavirus  swabs—but he didn't wear a mask while in sensitive areas—so entire day's production will be tossed in the trash  A third of nursing homes report they're out of swabs   	0
CDC Warns of Fresh Lockdowns if  Coronavirus  Spikes Again  	0
"On Fox News:  —White protesters demanding haircuts are ""patriots""  —Black protesters demanding an end to police killings are ""thugs"" and ""looters""  — Coronavirus  is a plot to destroy Trump  Trump's propaganda machine is a clear and present danger to the United States.  Pass it on.  "	0
"The CBSE & CISCE Council doesn't seem to care about putting millions of students' lives in danger of #coronavirus . It seems that ""result& exams"" have become more important than actually imparting knowledge.  #Cancel10thICSEBoards   #StudentLivesMatters  @arvindrtiwari  @DrRPNishank"	0
OHIO!  Watch this video. The Trump Recession didn’t start because of #coronavirus . It was in full swing in 2019.  Trump promised to bring jobs back to your state. He FAILED. Bigly. #DemCastOH 	0
Nearly every country has the  coronavirus , as this map shows, and many are continuing to experience a rising number of cases each day.  There are emerging hot spots in Latin America, Africa, Asia and the Middle East.     	0
Remember when it used to matter how many Americans were dying from the  coronavirus ? There’s so much shit swirling around Trump it’s easy to get distracted... but the American death toll is 115,000 souls. And counting...	0
“I shouldn’t be forced to not take pay or use my vacation, or take the chance of losing my life.”  Workers in our meatpacking plants are essential. And NO ONE should have to choose between losing their job or going to work sick. #IASen  	0
EVER SINCE ANTHONY WEINER'S LAPTOP GOT CONFINSCATED AND SEARCHED WE'VE HAD  CORONAVIRUS , MURDER HORNETS, AND NOW THE PROTESTS. DISTRACTIONS FROM HILLARY CLINTON'S PEDO RING AND CHILD TRAFFICKING PLANS. ALMOST ALL OF THE 12 FBI AGENTS THAT SAW THE LAPTOP HAVE DIED.  	0
Coronavirus  may not discriminate. But our system does.  	0
Suck it  coronavirus   	0
Last night at Kid Rock’s Big Honky Tonk and Rock n’ Roll Steakhouse in Nashville, TN. Nashville is in phase 2, allowing restaurants and retail stores to open at 75 percent capacity, while bars remain closed. How is this even legal? #COVID  #coronavirus   	0
Hillary Clinton questions how 'anybody with a beating heart and a working mind' can still support Trump after disastrous  coronavirus  and protest response  	0
In Florida COVID cases are on the rise. Is this really because of testing?   The message that you’re hearing loud and clear is that the virus is still here,” said Dr. Alina Alonso, Palm Beach County’s health department Director.   #wtpFL2020  #wtp2020  	0
There are people who feel that if not controlled, the population of Nigeria may spill over, therefore,  there is a need to keep quiet and watch nigerians die. If HIV did not kill them,  Coronavirus ,  or Terrorist attacks will. @MaziNnamdiKanu  | 10.06.2020	0
""" coronavirus  probably coming back."" The first wave never ended, we acclimated to 1,000 deaths a day and don't talk about it, and the entire social contract has been called off between the government and the governed. Six months left in 2020."	0
In a matter of months, the COVID-19 pandemic has brought the academic job market close to collapse in many parts of the world.   	0
First the wildfire, then WW3 almost started, third the  corona virus . Now this racism and killing with black people. What's next 2020?	0
Global  Coronavirus  death toll passes 400,000 | More here:      #CitiNewsroom	0
Rep. Susie Lee lobbied the federal government to expand  coronavirus  aid to her state’s gaming industry. Two weeks after the change went into effect, her husband’s casino company received millions of dollars in government-backed loans. 	0
It does seem like the U.S. looking at around 5000  coronavirus  deaths a week for the foreseeable future, and most Americans are apparently OK with that.	0
3-Hydroxychloroquine: Is a very smart drug that's very safe when used for malaria or Lupus... but when it realizes you’re taking it for  coronavirus : it kills you. And...	0
New  coronavirus  cases reported at reopened Tesla factory. This doesn’t look great for Elon Musk. 	0
BREAKING: The U.K. economy shrinks a record 20.4% in April, as the country's  coronavirus  lockdown hit businesses and workers     	0
Hey @realDonaldTrump : you gonna brag about the #StockMarket  today? Futures now down over 700 points. Oh right...forgot you only talk about the up days... #Trump  	0
Oh! So, was this for this that Congress incited Tablighis to spread  coronavirus  deliberately & provoked migrant laborers to come on roads in herds? To trend #ModiBetrayedIndia  ?? Shame on you.  	0
"""One of our wisest scientists is being ignored"" ""Ministers should have listened when Hugh Pennington warned that care homes were ‘super-spreaders’ of  coronavirus ""...  "	0
The  Coronavirus  Regulations introduce the most profound set of restrictions on our lives since the WWII.   Neither the original Regulations - nor any of the four sets of amending regulations - were authorised by or even considered by Parliament before taking effect. THREAD.	0
Nearly 1,000 Americans are still dying every day from  coronavirus . This pandemic is not over. We'll check in w/medical experts tonight during our special @CNNSitRoom  7-10PM ET. Here are the latest numbers of U.S. deaths: June 9 - 983 June 10 – 930 June 11 – 896 June 12 - 851	0
Extraordinary. We’re just giving up.	0
“Boris Johnson has devoted more energy to saving Dominic Cummings than defeating Covid” 	0
Brazil's daily  coronavirus  death toll is now the highest in the world. Experts say President Jair Bolsonaro's rejection of the emerging scientific consensus on how to fight the pandemic — and his embrace of unproven cures — contributed to the crisis.    	0
# COVID19inSA  I don't take Anyone who takes  corona virus  seriously , seriously.  	0
Donald Trump is now down by more than 8 points in polling averages.  Coronavirus  is resurgent. Expanded UI is set to expire on July 31st. The nation has exploded in protests over police brutality.   And he's doing...nothing. About any of it. He's just rage tweeting.	0
Coronavirus  has shown most of us can work from home. My last meeting on Friday was with a team in Poland. I was at home in Brum. #HS2  was a huge waste of time, money and massive damage to the environment before. Now, it's even more ludicrously pointless & useless to most    …	0
Texas Medical Center sees 40 percent increase in  coronavirus  hospitalizations     	0
States are rolling back lockdowns, but the  coronavirus  isn't done with the U.S. Cases are rising in nearly half the states, according to an @AP  analysis, a worrying trend that could intensify as people return to work and venture out during the summer.   	0
Just days after #Tesla  reopened its Bay Area plant, several employees reportedly tested positive for #coronavirus     	0
"""US  coronavirus  deaths could double, hit 200,000 by September: report"" via FOX NEWS     "	0
Digital IDs are about being able to eventually track EVERY SINGLE THING you do.... coronavirus  is the trojan horse that will facilate the inception of  the NEW (global digital) WORLD ORDER.	0
A thread of all the times 45 spread   disinformation about  Coronavirus  going back to January 2020.  	0
Imagine if we had a president who would just wear the mask as opposed to telling people he’s talking an experimental malaria medicine with possible cardiac side effects  	0
Pretty rotten that the CDC blackballed me from interviews during a pandemic...no one at CDC or WH or anyplace else said my  coronavirus  reporting was factually wrong...people need to learn what is going on; this blackballing only exposed because of a FOIA request by someone  	0
"@ BorisJohnson  ""I take full responsibility for everything this Government has been doing in tackling  Coronavirus  and I'm very proud of our record"" 3rd June 2020   PROUD?   YOU should be ASHAMED!   How many unnecessary DEATHS?   #BackTo60  #50sWomen  #Covid_19   #sundayvibes "	0
Dear people concerned that Black Lives Matter protests are spreading  coronavirus :  Where were you when Black people were dying at higher rates than white people?  Where were you when people celebrated VE day at the height of lockdown?  Your outrage isn't about  coronavirus , is it?	0
New research launched for #CarersWeek  estimates that there are 4.5 million new unpaid carers since the start of the  coronavirus  outbreak. You can read the full report here:     	0
Do you remember when there were  coronavirus  briefings because we faced a deadly pandemic? Remember when we heard regularly from Dr. Fauci? As the number of deaths accelerate, it looks like the Trump “govt” has no interest in even talking about it, let alone offer a strategy.	0
"Coronavirus  exposed injustices in our society and made them worse,  From health outcomes to food insecurity, from access to capital for small businesses, to the educational divide.  As we look to recovery, going ""back to normal"" is not good enough. We must build back better.  "	0
Shocker, looks like the Amazon @washingtonpost  is running pure propaganda to gaslight people into believing that it was Memorial Day and not the massive riots and protests that they applauded and helped promote that's causing a spike in  coronavirus  cases.  Give me a break!    	0
Dr Quick’s address was read aloud at an open meeting when a protestor invited demonstrators to her house to do calisthenics in masks, so that when they died Dr. Quick would be charged with murder  They also appeared with signs depicting her as Hitler. 	0
Awful. Due to the #CoronavirusPandemic , the unemployment rate in Kahului (#Maui ) skyrocketed to 35% in April—nearly 10% higher than the national unemployment rate at the peak of the Great Depression and the highest of any metropolitan area in the US.  	0
"April 29 -  KTR : ""Telangana May Be COVID-Free By May 8""  June 11 - TRS MLA Sudheer Reddy : ""Sooner or later, everyone will get infected by the  Corona Virus . We can't escape from it""     #TsGovtFailedItsPeople   "	0
COVID19 patient discharged from Gandhi hospital Hyderabad without treatment. No care ..If  Corona virus  spread fast what would be the rate of people  	0
# IkAgainstMafia  Influential oil and the wheat mafia is more dangerous for the masses than the  coronavirus .  	0
"Denis Mukwege, the Congolese doctor & human rights activist who won a Nobel, resigns from the #coronavirus  task force in DRC. He cites a poor government response. It takes 2 weeks to get test results in S. Kivu:  ""A major handicap for our strategy.""   "	0
Forcing voters to wait in line for hours in the midst of a pandemic is voter suppression and a threat to our lives.  Let Georgia be a warning: We need to get our act together for the remaining primaries and November’s election.  	0
The SBA has given out $511 billion in  coronavirus  loans.  The SBA promised to disclose recipients and loan amounts but now it's refusing to do so.  These are taxpayer funds, and there’s no good reason to keep this info hidden from the public.    	0
utterly haunted by this snap from branson, missouri, which is still doing live shows in the age of  coronavirus   	0
The U.S. may reach 200,000  coronavirus  deaths by September. New Mexico, Utah and Arizona each saw its number of cases rise by 40% last week. Florida and Arkansas have also become hot spots.     	0
BREAKING: #Florida  Department of Health reports new daily record high of 2,581 new confirmed #COVID19  cases—surpassing the previous high on Friday by 679 and the high before that on Thursday—breaking records 3 days in a row.  And the state is REOPENING.  	0
# TheWeekInTory  part 2 (from Wed to Sat)  1. The first study of our “world-beating contact tracing” found it was unable to trace 33% of people with  coronavirus   2. National Audit Office found the govt ignored warnings to stockpile PPE for almost a month	0
‘The scientists were trying to be as sensitive to economic issues on #COVID19  as they were to health issues. That’s a dangerous place to be because it compromises the ability of the advisory group to protect health.’  	0
At every turn, President Trump ignored the experts, downplayed the threat COVID-19 posed, and misled the American people — and we’re all paying the price every single day.  	0
Multiple Democrat governors ignored health protocols and forced nursing homes to take in  coronavirus -positive patients. The results were tragic and completely avoidable.  Will House Democrats join our efforts to hold those governors accountable?  	0
‘It's been those who can least afford it who've suffered the most’   60m people could be pushed into extreme poverty (less than £1 per day to live on) by the effects of  coronavirus  says  @DavidMalpassWBG  @WorldBank    #BuildBackBetter  must deliver for ALL  	0
44. And we still haven’t seen the report into Russian interference with the Brexit campaign  45. Boris Johnson said he is taking “direct control” of the handling of  coronavirus  (it is not clear who has been in control for the previous 132 days of the outbreak)	0
In the last 7 days the Georgia Department of Public Health has reported 271 new #coronavirus  deaths. This is the most in a Monday-Sunday week since the virus outbreak began.	0
Inadequate staffing. Insufficient protective equipment. Improper patient transfers. New York City’s response to the  coronavirus  crisis was marred by missed warning signs and policies that put residents at greater risk, a WSJ investigation finds.    	0
"""We were one of the last states to go to a stay-at-home order and one of the first to come out. I’m concerned people are getting mixed messages about how serious this is.” - Phoenix Mayor Kate Gallego on the increase of  coronavirus  cases in Arizona     "	0
Sir, @DrRPNishank  @myogiadityanath . we all are suffering with this pandamic situation right now. In this time we suffered from both  corona virus  as well as econimic crises. And there are AKTU colleges demanding college fees in limited time. sir please help us to postponed this.!	0
115,000 Americans have died from the  coronavirus .   We are seeing surges in several states that reopened too early weeks ago, including TX, FL, AZ, AL, SC, AZ and NC.    There is no plan or even advice from our federal gov't. It's a patchwork. Trump is doing nothing on the virus.	0
47% of people say government is not “prepared to stave off a potential second wave of the pandemic.”  	0
This evidence, dating to April, points to November 2019 as the time from which a competent and concerned president would have moved to contain Covid-19. Trump’s responsibility for over 100,000 deaths is thus even greater than most people seem to realize.  	0
Meanwhile:  Coronavirus  cases are increasing in 22 states and Puerto Rico, with sharp spikes in states like Arizona, Arkansas and South Carolina.  	0
The  coronavirus  and the Johnson government: the worst of all worlds.   	0
# YEMEN  IS LITERALLY GOING EXTINCT! Currently $1billion short on humanitarian aid. After years of getting hammered by civil war,  coronavirus  has hit hard and their health care has collapsed completely. 25 million people and 12 million children are starving to death as we speak	0
"""Houston is currently at Code Orange, or Level 2, which means an uncontrolled level of ongoing transmission and spread. If hospitalizations and ICU populations continue to rise, Hidalgo said the region may be ""approaching the precipice of a disaster"". "	0
USA: Johns Hopkins University says India, China and five other countries reporting 'highly suspect'  coronavirus  data.  Calling them the 'rotten apples.'  	0
Coronavirus  ruined my birthday    	0
Best proof yet the global economy is in shambles:  The illegal drug trade has broken down  -Prices for South American coca and Afghan poppies down 70% -Cartels have massive stockpiles at the border  -Street prices up in some US cities as supply runs low	0
Iran becomes the first country to report a second wave of  coronavirus  |    	0
The fact that the #TrumpRecession  began before the  coronavirus  shutdowns is another reminder that the GOP billionaire tax giveaway was a fraud.  	0
Brazilian president Jair Bolsonaro, like his mentor Donald Trump, is an anti-science demagogue. The result: many thousands of Brazilians are unnecessarily dying. Science is not a luxury. It is the backbone of civilization.  	0
California, Utah, Arizona, Florida and North Carolina, among others, have logged a rise in coronaviruses cases  	0
the                                      coronavirus                     pandemic                      isn't                                        over              just                                         because    the                           weather    changed.	0
Supplies of PPE is still running low as we expect #SecondWaveIsComing  of the racist #coronavirus , so we send brother Abdullah out to forage for extras  	0
Donald Trump is putting his own supporters at risk just to host racist campaign rallies.  	0
# BLMprotests  reveal stupidity of  coronavirus  lockdown    #AussieQ  #GreatAwakeningWorldwide 	0
Coronavirus  is “my worst nightmare,” worse in ways than Ebola or HIV, said Dr. Anthony Fauci, director of the National Institute of Allergy and Infectious Diseases    	0
"""Last week marked the largest week-to-week increase of  coronavirus  cases in Arizona since the pandemic began.""  ""Banner Health is reporting its ICUs are at full capacity in Maricopa County and rapidly approaching full capacity in Tucson.""   "	0
"Fauci calls  coronavirus  his ""worst nightmare"": ""It isn't over yet""     "	0
The U.S. surpassed 2 million confirmed  coronavirus  cases Wednesday night. Hospitalizations are rising in at least a dozen states, and a model cited by the White House shows the U.S. could see 100,000 more deaths by October 1.  	0
Coronavirus : London's NHS Nightingale 'treated 51 patients'  200 million for 51 patients  Yet elderly sent back care homes with virus  With no palliative care  No oxygen  No GP visits Underpaid #carers  dealing with multiple deaths  Inhumane #dailybriefings  	0
Scientists have found after studying the plasma of 149 people who had  Coronavirus , around 80% of people produced only tiny amounts of antibodies.  A third had undetectable levels.  Antibody tests will not provide an immunity passport. I'm sure other immune mechanisms are at play.	0
Americans are dying of  coronavirus .	0
I check the  coronavirus  numbers in various states every day for work. They are terrifying. They have never stopped being terrifying. Just because some big cities have gotten things under control does not mean this is anywhere near over.	0
I've spent the past few months talking to more than 40 children about what it's like to be a kid right now, in the midst of  coronavirus .  Who gets to be OK? Everywhere you look for an answer, you see the stamp of racial and economic inequality.   	0
# ExcludedUK  I am one of many who have been excluded from the government  coronavirus  self employed support.  This is because I have two jobs and so do not fit the correct criteria.  I DO  NOT HAVE TWO JOBS TO EARN LOTS OF  MONEY... but because I am a working  mother #Ridgeonsunday	0
Stop celebrating they just postponed exams. They're not cancelling it.   • Which also means additional rent few more months untill we finally combat COVID-19   • It also means delay in our joining    #rgpv_spreading_ corona_virus   #rgpv  @ChouhanShivraj	0
BREAKING: GOP House Speaker in PA is resigning, after @BrianSimsPA  exposed him for hiding from Democrats that a GOP Rep had  coronavirus . Some of the Republicans even quarantined themselves, yet they never told Democrats. This is beyond disturbing.      …	0
Broken-hearted to hear that the amazing Marny Xiong, 31, St. Paul school board chair, has died from  coronavirus .    	0
LATEST: A second wave of Covid-19 is emerging in the U.S. after state re-openings, pushing the number of confirmed cases past 2 million   	0
I can’t wait to see the #UglyPresident  disappear like he said the  coronavirus  would in April.  	0
Extremely powerful @nytimes  visualization showing that the punctuated force of mortality of the COVID19 pandemic surpasses most other such catastrophes, from famines to wars to hurricanes to terrorist attacks to other modern pandemics:  	0
"COVID-19 is still killing hundreds of Americans a day and strangling our economy.   Meanwhile, the Trump administration has shut up shop as if it's ""mission accomplished."" "	0
Vaccine for stupidity urgently needed. #vaccine  #corona    Godman’ Aslam who ‘cured’ by kissing hands, dies of  coronavirus   	0
It now appears that Vice President Mike Pence, who chairs the White House  Coronavirus  Task force, has deleted this tweet, which features him greeting campaign staff while not observing social distancing guidelines or CDC guidelines to stem the transmission of  Coronavirus .  	0
Other countries responded quickly to slow the spread of  coronavirus . We didn’t. Other countries listened to experts. We didn't. Other countries contained the virus and saved lives. We have nearly 114,000 deaths.  Other countries have competent leaders. We have Donald Trump.  	0
OVER 117,000 DEAD from  coronavirus  this morning, #incompetent  #TrumpIsAnIdiot 	0
The  coronavirus  pandemic forced one family to scrap its plans for a big party to celebrate their World War II veteran's 100th birthday. #California  #Veteran   	0
A report has suggested today that half of  coronavirus  deaths could have been prevented had we locked down earlier. The Scottish Government are now suggesting they were prevented from locking down earlier. This is rewriting of history to avoid accountability. A thread... 1/	0
Oh  BBC News -  Coronavirus : Hard-hit Brazil removes data amid rising death toll  	1
Prioritizing churches for opening is interesting, and probably reflects the Premier's base more than the science.  Superspreader events linked to houses of worship have been notable in the history of COVID-19.  	1
Fourteen states have seen a rise in  coronavirus  hospitalizations since Memorial Day.  	1
Londoners, a potential second wave of #COVID19  would be devastating for our capital and our country.    Please continue to be mindful of the rules of lockdown and only use public transport for essential journeys. Together we can beat this virus.	1
Satellite images of packed Wuhan hospitals suggest  coronavirus  outbreak began earlier than thought  	1
The  coronavirus  death toll has topped 400,000 worldwide, with more than a quarter of those deaths in the U.S. More than 1.9 million people in the U.S. have been infected with COVID-19.  	1
# Eliminate_PTM_BLA  Dawar is seen telling the villagers that  coronavirus  is ‘nothing’ and that it is ‘just a way to make money @TM__Rocks	1
President Trump is set to begin holding large political rallies this month, despite the ongoing pandemic. His campaign did not comment on the specifics of safety protocols.   	1
Dutch protesters demand end to fur farming after  coronavirus  outbreak    	1
So Nigerian alleged billionaire Hushpuppi has been arrested by INTERPOL for scamming and  money laundering of over $100million which was supposed to be given to Native Americans during the  Corona Virus  Pandemic.  	1
1/We tracked a nursing home in Burlington, Vt., which had one of the first outbreaks of the  coronavirus  on the East Coast. 11 people died of Covid; some survived it, even a 90-year-old.   Our story:   	1
So Orange County health director's mandated that everyone wear masks. Then she was forced to resign due to pushback and death threats. Now the new OC health director says face masks aren't mandatory anymore.    …	1
"In Opinion  ""If the United States had the  coronavirus  death rate of the average female-led country, 102,000 American lives would have been saved out of the 114,000 lost,"" @NickKristof  writes   "	1
Hotel operators are installing stickers on floors to promote social distancing. Hand sanitizer dispensers will be placed throughout buildings. At least one hotel moved its lobby to a less crowded location, while others have spaced pool furniture far apart.  	1
Just got my  coronavirus  test results  	1
I need Londoners to be part of shaping our city’s recovery from #COVID19 . What do you want us to change about life here, as part of the recovery? Let us know:	1
What Do Countries With The Best  Coronavirus  Reponses Have In Common? Women Leaders  	1
As at 6th of June, 2020, the @NCDCgov  reported 389 new cases of #COVID19  in Nigeria bringing the total number of reported cases to 12233.  Also, according to @NCDCgov , a total of 3826 recoveries and 342 deaths have been recorded, so far, in Nigeria.  #KnowCovid19  #Coronavirus   	1
Coronavirus  live news: New Zealand 'Covid-19 free' as global cases pass 7 million 	1
This symbol means lunch time in China #coronavirus   	1
In #USA  the view of #China  has also followed a trend among both sides 	1
According to Johns Hopkins University's tally of cases in the United States, there are at least 2,033,003 cases of  coronavirus  in the U.S.; at least 114,126 people have died in the U.S. from  coronavirus .	1
Sources: Expected protocol if an NBA player leaves the Orlando bubble: Quarantined for no less than 10 days and must have two negative  coronavirus  tests.	1
World Health Organisation says transmission of  Coronavirus  by patients who show no symptoms is very rare  	1
# CoronaVirusUpdates  2020-6-9 23:59 UTC Total #COVID19  Deaths Chart (1)  USA: 114.148 (+1.093)  UK: 40.883 (+283)  Brazil: 38.497 (+1.185)  Italy: 34.043 (+79)  France: 29.296 (+87)  Spain: 27.136 (+0)  Mexico: 14.053 (+354) 	1
"This is one recent explanation:  #COVID19  COVID-19 inflames the lining of blood vessels thru the whole body, thus the diverse effects beyond the lungs, it's not ""designed"" but it is systemic:"	1
“We've seen what happens when the roads are quieter – and millions of people have responded by jumping on bikes for the first time in years or, indeed, for the first time ever.”	1
Coronavirus  is affecting old and young equally. The only way to defeat it is to work as a Nation. Follow SOPs & precautionary measures devised by the government   #ITrustPMImranKhan 	1
United States   Coronavirus  Cases: 2,159,735 Deaths: 117,830	1
# BREAKING  Lollapalooza, Taste of Chicago, Air & Water Show canceled by City of Chicago amid  coronavirus  pandemic	1
JUST IN: 4 State House, Nairobi staffers test POSITIVE for  Coronavirus  - Kanze Dena #coronavirus  #mondaythoughts 	1
"This dog groomer is working hard to keep New York City dogs clean and healthy by offering free services to ""pet parents"" financially impacted by the  coronavirus  pandemic    "	1
The waiver Trump is requiring attendees of his Oklahoma rally to sign saying they won't hold him responsible, if they contract the #coronavirus .  *That waiver DOES NOT COVER all the people who come in contact with the attendees who signed it, and contract the virus FROM them.	1
BREAKING NEWS : BOTSWANA CONFIRMS 12 NEW CASES OF  CORONAVIRUS . 8 of the cases are from Gaborone Private Hospital. #CoronavirusUpdate 	1
UK will not participate in EU’s #coronavirus  fast track vaccine scheme. #torybrexit  #COVID19  catastrophe  	1
The novel  coronavirus  spreads mainly via airborne transmission and wearing a mask is the most effective way to stop person-to-person spread, according to a new study    	1
# PMIKLeadingTheWorld   The scheme Ehsas Emergency Cash Programme is aimed at providing relief to poor people hit by the lockdown, put in place due to  coronavirus .  @lMaha01 	1
West Virginia reporting five  coronavirus  outbreaks tied to churches.  	1
Carter high school in Pietermaritzburg has a confirmed case of  corona virus  and is shutting down for decontamination!    – at  Orchard Buyrite	1
REMEMBER: Florida ordered coroners to stop releasing #RepublicansVirus  death data: report   …	1
Seattle #coronavirus  survivor given $1.1 million hospital bill with over 180 pages of charges.  Story:     	1
CHINA: Parts of Beijing locked down due to fresh  coronavirus  cluster.	1
Greece is only allowing countries that have managed the  Coronavirus  well to visit (they have almost no cases).  Albania - yes. The US - not allowed.	1
In Wales, we’re making sure children who receive free school meals will receive this support now and through the summer holidays.   For further information on eligibility and how to apply, please see below    	1
7,998,006 #Coronavirus  cases as of 2020-06-15 03:20:02  	1
UPDATED: The #Prayer  in Light of the #Coronavirus  Pandemic: Wearing Gloves  	1
Near 80% Of People Would Personally Do As Much For Climate As They Have For  Coronavirus . via @forbes 	1
Researchers ask if survivor #plasma  could prevent  coronavirus  @JAMA_current  	1
Coronavirus  patients without symptoms aren’t driving the spread of the virus, the WHO says.    	1
This is important: from tomorrow, it is compulsory to wear face coverings on public transport. If you absolutely must travel, please wear a face covering for the entire journey to help slow the spread of #COVID19 .   Share this with your family and friends to let them know. 	1
SCOOP: Trump to restart rallies within next 2 weeks  A decision that turning point since the  coronavirus  shut down traditional campaigning this spring.  More >>  	1
There’s a new program helping women find work during the  coronavirus  pandemic.@canva ,#coronavirus ,#datacom     	1
Coronavirus  R all you need to know  	1
This is starting to make the rounds. Don’t be fooled. Covid takes 1-2 weeks. The latest spike is from those Memorial Day dopes. Keep fighting! Stay safe & if you’re immuno-compromised or feeling ill STAY HOME! There are lots of ways to show your support!	1
Attendees cannot sue the Trump campaign or the venue if they contract the  coronavirus  at his June 19 rally in Tulsa, Oklahoma    	1
Are you out shopping today?   You should wear a face covering if you can, to protect yourself and those around you from #coronavirus    #StayAlert 	1
Neymar is back in Paris after being nearly three months in Brazil due to the  coronavirus .  	1
The Department of Health in the Western Cape says it is preparing to take  coronavirus  patients to the Cape Town International Convention Centre from tomorrow. The  ICC has been converted into a  hospital for  coronavirus  patients who are not seriously ill. #sabcnews	1
Pakistan recorded 5,834  coronavirus  cases in a single day on June 10.    In March, Italy was recording over 6,000 cases in a day.   	1
Oops, they did it again: The Simpsons might've predicted  coronavirus  & riots in the US, media claims  #simpsonspredictions   	1
Donors tonight at $3-million fundraiser with Pres Trump at his NJ Golf Club underwent  Coronavirus  tests to get in. They had to test negative for COVID-19, fill out a wellness questionnaire and pass a temperature screening. Costs for the tests paid by the Trump Campaign and RNC.	1
Coronavirus  also introduces us to a completely new world of life,  It is better to be safe than sorry..................  	1
Seattle  coronavirus  survivor gets a $1.1 million, 181-page hospital bill   	1
There are more than 135 vaccines in development to prevent the spread of  coronavirus . Keep track of the progress of all the vaccines that have reached human trials here:    	1
Indonesia #COVID19  Daily people tests Stats:  Until today updates Indonesia has tested total 287,478 people with result of 34,317 total positive cases, with 11.93% positive rate.   Below is charts of people tested per day.  #COVID19indonesia 	1
Calling  coronavirus  a distinctly “New York issue” would be a mistake.   As the epicenter of the pandemic embarks on its reopening, keep in mind that what’s good for getting New York healthy and bustling again is good for the rest of the country as well    	1
"WHO: Asymptomatic spread of  coronavirus  is ""very rare.""   Me:  "	1
# COVID19  drive-in test centres run by Deloitte; contract tracing run by Serco, helped by Capita. I think George Bernard Shaw had something to say on the matter in 1911.  #coronavirus   	1
Bye bye buffets, hello plexiglass: How  coronavirus  is changing hotels  	1
I tested positive for SARS-CoV-2, in contact tracing two weeks ago. As per Uttar Pradesh guidelines, I was immediately isolated.  Here's my personal experience of days in isolation ward-26, in Govt's PGI Hospital, Noida. #GautamBuddhNagar  #COVID19India  	1
Chicago mayor unveils $5 million  coronavirus  relief fund for undocumented immigrants, college students     	1
Corona virus @New order of deputy commissioner Sanghar  	1
A message from Puritan’s Executive Team... #OneSwabAtATime  #KeepCalmAndSwabOn  #COVID19  #Coronavirus  #Swabs 	1
LRH Peshawar starts virtual meetings of  Coronavirus  patients with their families. An old man on a live video with his son.  Other hospitals must also initiate such steps.  	1
“Vietnam literally declared war on the  coronavirus . The military was mobilized for health care missions, and their bases converted to mandatory quarantine sites,” reports special correspondent Mike Cerre    	1
Before, During, After... #coronavirus   	1
"""The Do's and Dont's Of  Coronavirus  Outbreak"" -----------------------------------  "	1
President Trump will hold a campaign rally next week at a venue in Tulsa, Okla., that can hold 19,000 people.  A disclaimer says attendees cannot sue the Trump campaign if they're exposed to COVID-19 at the rally.   	1
Help us help you stay safe in hospital – When you come to hospital for planned and outpatient care as a visitor, you will need to wear a face covering. By doing so you are helping to reduce the risk of spreading  coronavirus  and keeping our hospitals safe. @stopfordians  #Hospital 	1
This is the first year I’m not going to Fiji because of  Coronavirus . Normally, all the other years I don’t go because I’m skint.  	1
Last night on @maddow  I had the chance to lay out where this #COVID19  crisis was back in February, where the #pandemic  is now and, tragically, where we're headed. 	1
A top market expert details how 6 factors that fueled the  coronavirus  crash will shape the stock market's recovery   	1
President Trump is planning to hold his first rally of the  coronavirus  era on June 19 in Tulsa, Oklahoma. He says he's also planning events in Florida, Texas and Arizona.    	1
Joe Biden has increased his lead over Trump to 12 percentage points in Michigan, where voters are unhappy with Trump's response to the  coronavirus  pandemic, according to a new poll. #Biden2020  	1
The 3rd Anniversary event in Akihabara has also been replaced with a new virtual event there instead due to the  coronavirus . More details will be released soon!  	1
Coronavirus : Where is the science behind social distancing?   Dr Vernon Coleman MB ChB DSc FRSA   	1
Coronavirus : Brazil judge orders Bolsonaro to publish full data    	1
HOPE YA'LL STAYING SAFE? WASH YOUR HANDS AND DON'T FORGET TO ROCK YOUR MASK TOO  CORONAVIRUS  IS REAL.  	1
LATHAM, NY, UNITED STATES 06.11.2020  NY Responds to  Coronavirus  with 3,620 Troops. 	1
Djokovic asks the crowd to stand up to remember the victims of the  coronavirus .  	1
If you reverse the word ' CORONAVIRUS ' you get 'SURIVAN OR OC' translatation from Hindi to English means 'SUNRISE & EYE'.  #ConspiracyTheory  #Illuminati  #coronavirus   	1
Free #coronavirus  testing today  10am—2pm   F Street NW btwn 4th & 5th    2241 Martin Luther King Jr Ave SE... this site has had the shortest line  4pm—8pm   Engine 4 2531 Sherman Ave NW    Engine 12 2225 5th Street NE  Need a test? Get a test      #COVID19	1
Picture of a COVID-19 infected lung belonging to a previously healthy American woman in her 20s. The woman had to transplant both of her lungs after catching the virus. The successful surgery took approximately 10 hours: NYTimes 	1
Itzan Escamilla testing for  coronavirus  before starting filming season 4 of #EliteNetflix 	1
When you go outside without wearing mask :  Corona virus  be like:  	1
Race of #Coronavirus  #Vaccine  | Where Does the #World  Stand Now? #SeattleAutonomousZone  #voguechallange  #hushpuppy  #coronavirus  #BANGBANGCON_TheLive  #COVID__19  #Corona  #zaviews	1
Selling wristband to raise money for 1. The family of recently deceased Lisa McCullagh 2. The family of George Floyd 3.      - San Francisco 4. @NHSCharities  5. @nycmayorsfund   6. mayorsfundla  7.…   	1
We can’t end hunger if we can’t end conflict. Now more than ever, peace is critical.  A few colleagues & experts weighed in on UN Security Council Resolution 2417 – why it was a tremendous step to recognize starvation as a weapon of war & what it'll mean post #COVID19 .	1
 Latest global status of Covid-19  Coronavirus   	1
INDIA: Protect Yourself and others from  Coronavirus .  	1
Doctors in Chicago have performed a double lung transplant on a young woman whose lungs were damaged by COVID-19.   	1
Reported US  coronavirus  deaths:  Mar. 10: 31 deaths Apr. 10: 18,758 deaths May 10: 79,525 deaths June 10: 112,895 deaths	1
did the  coronavirus  write this  	1
Coronavirus  right now looking at Naira Marley and his fans in Abuja..  	1
New study indicates mutation D614G:  - may stabilize &   number of spike proteins - may   chance #SARSCoV2  infects a cell  But the study is: - lab based - not yet peer reviewed  More research needed to assess validity & any conclusions about infectivity.  nytimes.com/2020/06/12/sci ence/coronavirus-mutation-genetics-spike.html   …	1
me watching ppl go Primark to bag them £1 tshirts but end up getting  corona virus   	1
"""Mom I can't breathe properly and my chest hurts, I think I have the  Corona virus ""  Mom:  "	1
If you are the one recovered from  corona virus  you are blessed and you can thank ALLAH for this blessing by donating your plasma. Contact at 0301-1116-114 #DonatePlasmaForHumanity 	1
Under court order, Brazilian government puts  coronavirus  data back online    	1
Very compelling data on relationship health and income across U.S. cities. #TimeForChange  	1
The novel  coronavirus  might have been spreading in China as early as August 2019, according to Harvard research based on satellite images of hospital travel patterns and search engine data     	1
Breaking: Orange County rescinds  coronavirus  mask mandate; face coverings still strongly recommended   	1
"Me: ""You can't stick this on the scientists.""  Health Minister @Helen_Whately : ""Well I can.""   The minister quickly backtracks after initially blaming scientists for mistakes made in managing #Coronavirus  in care homes. MR  #KayBurley "	1
Stay safe all...  N Take care   #Unlock1   #coronavirus   	1
Infectious-disease expert warns of risks at Trump rally, RNC convention   	1
This week is #LonelinessAwarenessWeek , and Every Mind Matters has put together some simple tips to help you if you’re feeling lonely during the  coronavirus  outbreak:   	1
British Council resumes IELTS testing in Dubai      #COVID19  #coronavirus   	1
CDC releases new guidelines on everyday  coronavirus  risk reduction     	1
As President Trump resumes indoor rallies, his campaign has implemented a new policy: Attendees cannot sue if they contract the virus at the event   	1
# NursingHomes  around the country have implemented strict lockdown measures as they try to secure the health of Older Americans. Take a minute to read this article this #Tuesday  which can explain more about the new measures that many homes have adopted.   	1
We all have a part to play in stopping the spread of  coronavirus .   Let’s continue to take extra care by keeping 2 metres apart and washing our hands regularly.   #StayAlert 	1
While fighting the  corona virus , here are some important tips for citizens regarding Self Isolation. Stay safe! #Covid19   #WarAgainstCorona   #IndiaFightsCorona 	1
Protect  coronavirus  in the eyes.  	1
TULSA Trump campaign rally will be next week, on Friday, June 19. 1st rally since outbreak of  coronavirus .	1
Putting this on full blast the moment they announce a vaccine for  coronavirus   	1
Many epidemiologists are already comfortable seeing a doctor, socializing outside or bringing in mail, despite the  coronavirus . But unless there’s a vaccine or treatment, it'll be over a year before many say they will go to concerts or religious services.    	1
The U.S. Government Agency BARDA gave $483 Million to Moderna in 2020 to Accelerate Development of mRNA Vaccine (mRNA-1273) Against Novel  Coronavirus .  	1
What Do Countries With The Best  Coronavirus  Responses Have In Common? Women Leaders via @forbes  	1
UK will not participate in EU’s  coronavirus  fast track vaccine scheme    	1
"It's another week , what's your plan for today?? Hope part of your plan is to stay safe ?? Remember  Corona virus  is not a ""host"" .  "	1
Transmission of the  coronavirus  by asymptomatic people is “very rare,” says the WHO's Maria Van Kerkhove, contradicting a widely held belief among health officials and researchers  More:     	1
Worship with us on TS Gospel channel, stay tuned stay home stay safe #Coronavirus  is real  	1
BREAKING: Dr. Fauci just said no one should be holding large events, when talking about Trump holding rallies, because it’s going to spread  coronavirus . It’s nice to hear basic logic, for once.	2
Kudlow:   There’s 'No 2nd #Coronavirus  Spike, We're Not Shutting Down #Economy '     	2
BREAKING: No new  coronavirus  deaths have been reported in Scotland for the second day in a row.   	2
Productive meeting of the @WhiteHouse   Coronavirus  Task Force today. We remain focused on Opening Up America Again and ensuring that all states have the resources they need.	2
" ""After my friends bought the masks, they found the mask helped them a lot.""  Dwi Rahayu began making these transparent face masks to help deaf and mute people communicate during the #coronavirus  pandemic in Indonesia.    @zazein  #BersatuLawanCovid19 "	2
# PMIKLeadingTheWorld   Pakistan’s all-weather ally China, despite being hit by the  coronavirus  itself, also has lent a supporting hand and doled out much-needed medical equipment and other goods both at the government and provincial levels.  @Binish88 	2
BREAKING NEWS: Dinkleberg tests negative for  Coronavirus   	2
Oxford scientists working on  Coronavirus  vaccine 'near breakthrough' on antibody treatment    	2
# OurArmyOurPride      According to ISPR, the Pakistan Army is ready to deal with the situation caused by the  Corona virus . According to the decisions of the National Security Committee, the medical facilities of the Pakistan Army are ready to compete...!!!!  @TeamISPOfficial 	2
Sinovac Biotech says its  coronavirus  shot is safe and capable of eliciting an immune response from human trials    	2
# PMIKFightingForNation   Prime Minister Imran Khan had last month launched the relief fund to fight  coronavirus  and had urged everyone to donate generously to the initiative.  	2
Major relief brought in GST filings for small taxpayers in wake of  Coronavirus  pandemic.  	2
New Zealand has successfully wiped out #coronavirus  after the final person known to have been infected recovered    	2
The county's determinationn to fight  Corona Virus  saw them procure ICU beds to accommodate the patients incase of the new infections rise #IsioloGovernorDelivers 	2
We love those triumphant scenes of covid-19 patients leaving the ICU alive. Here's what you don't often see:  washingtonpost.com/health/2020/06/09/coronavirus-ventilator-rehabilitation/?arc404=true   …	2
Good news that further #coronavirus  human vaccine trials begin next week. An encouraging step forward in our national effort.    	2
Since the signing of #Schengen  Treaty 35 years ago today, citizens have learned to enjoy the value of freedom of movement in the EU. I am happy that after the restrictions imposed by the #coronavirus  pandemic, borders are now reopening across the Schengen area and the EU.  	2
# PMIKFightingForNation   To fight  coronavirus , PM Khan announces a youth force, charity fund	2
60 million infections prevented in the US 285 million in China 530 million in total across the six countries studied  Public health measures have been disruptive, but they've saved millions of lives.   	2
Switzerland is the safest place on Earth #coronavirus  #COVID19 	2
I actually think 2020 offers a unique opportunity for change. The Australian bushfires should change the conversation on the environment,  Coronavirus  should change the conversation on economic inequality and George Floyd should change the conversation on racial inequality.	2
"Ms. Eileen Stein said it perfectly: ""I don't have enough adjectives. He is one of the finest people in the world.""  "	2
So much respect to @MarcusRashford  for all the work he has done for charities and children during the #coronavirus  pandemic.  A brilliant young man.    	2
New Zealand lifted all domestic  coronavirus  restrictions on Monday after its final COVID-19 patient was given the all clear, with Prime Minister Jacinda Ardern revealing she danced around her living room when told about the milestone.     	2
# PMIKLeadingTheWorld  I really appreciate and admire his  leadership during the fight against  Coronavirus , he is an amazing leader.  Great leader @mashterani 	2
I wish you all a nice week. Let us both be careful of  coronavirus  (COVID-19).  	2
Amazing.     New Zealand has eliminated the  coronavirus  domestically, so can lift all containment measures (except for border controls).  That’s how it’s done. That really is how it’s done.    	2
The good news is the  Coronavirus  can be almost entirely contained with a national strategy. Vietnam, Czech Republic, New Zealand, Italy, Germany, S Korea, Hong Kong have all showed coordinated strategy works. 16/	2
New Zealand's Prime Minister Jacinda Ardern says she's confident the country has halted the spread of the  coronavirus  after the last known infected person in the country recovered. It has been 17 days since the last new case was reported there.    	2
New Zealand lifts all social and economic restrictions except border controls after declaring it is free of the  coronavirus , one of the first countries in the world to return to pre-pandemic normality      1/3 	2
One of my long-time favourites - #Copenhagen 's pedestrian-friendly transformation didn't happen overnight. BUT are we NOW seeing this kind of urban transformation in weeks or months instead of years or decades because of #coronavirus ? HT @citiesforpeople . 	2
Coronavirus : Oxford scientists working on COVID-19 vaccine 'near breakthrough' on antibody treatment  	2
Good for her. Good for us.  Good for the truth!  I hope the media covers this. It's a great story.  Fired Florida scientist builds  coronavirus  site showing far more cases than state reports 	2
Brain research shows the arts promote mental health - During self-isolation due to  coronavirus , many are turning to the arts via @ConversationUK 	2
New Zealand Prime Minister Jacinda Ardern has announced that almost all  coronavirus  restrictions in the country will be lifted tomorrow, after it reported no active cases.    	2
New Zealand, which has had no active  coronavirus  cases in three weeks and only 22 deaths in total, welcomed back sports with fans.  ( : @southernscoop ) 	2
For the first time since  coronavirus  outbreak, number of recovered patients exceeded the number of active cases.  	2
Now the research from WHO is showing that the risk of asymptomatic people transmitting  coronavirus  is extremely rare.  If that is true, that means we do not need social distancing, masking and it means that we can re-open America and get back to life as normal.  #ReOpenAmerica	2
New Zealand goes 20 days with no new  coronavirus  cases     	2
Christian Happi is working in Nigeria to develop COVID-19 tests. “People might have thought that this work was impossible in Africa, but we are demonstrating that the continent’s scientists can generate crucial data in the global fight against COVID-19.”   	2
Face masks could reduce  coronavirus  R number and prevent 2nd wave, scientists say.   	2
At a time when  coronavirus  cases are on the rise, @kims_pbmh  COVID Hospital - the first and only of its kind Public Private Partnership model based standalone facility - has successfully treated over 1000 patients in #Odisha ... Read More:     … 	2
Really positive suggestions here in the NEU's 10-point National Education Recovery Plan    …	2
"New Zealand Prime Minister Jacinda Ardern says she did ""a little dance"" after she announced there were no active cases of  coronavirus  in the country     "	2
We’re making low-traffic neighbourhoods a key part of the #StreetSpaceLDN  plan. Planters, like these in Hounslow, are a greener way of stopping cars blocking our roads while keeping access for residents. It's simple: quieter, safer roads enable more Londoners to walk and cycle.	2
A team of mathematicians at MIT has added some order to the chaos that is the rapidly growing number of online scientific talks and meetings available during the pandemic by creating a website that compiles links to free talks around the world.   	2
Get Well Soon LALA  #shahidafridi   #coronavirus   	2
It is with great joy I want say that many people are getting cured from  Corona virus .  But Hey! Don't you want more people to live with relief ?!  Help now, they need you!  Help us spread the cure!  Donation for plasma!  #DonatePlasmaForHumanity 	2
Good news!  @WHO  says asymptomatic spread of COVID is rare. I agree and it makes sense  Each cough may emit ~3000 and sneeze ~40,000 droplets from a symptomatic patie cnbc.com/2020/06/08/asy mptomatic-coronavirus-patients-arent-spreading-new-infections-who-says.html   …	2
"A nine-year-old Kenyan boy who made a wooden hand-washing machine to help curb the spread of  coronavirus  says he is ""very happy"" after receiving a presidential award "	2
Wearing a mask for  Coronavirus  can be a good thing... especially if you have bad wrinkles, bad breath, bad teeth, or NO teeth!   	2
Back of the envelope math: preventing 62 million US infections likely saved a quarter of a million lives—and maybe far more, by preventing health system collapse. Keep wearing your mask.     	2
Thailand reports zero  coronavirus  cases and zero deaths for first time in three weeks     	2
Some good news!  #NewYorkTough 	2
Northern Ireland records zero deaths related to  coronavirus  for the fourth day in a row.     	2
"Tanzania's President John Magufuli has declared the country "" coronavirus -free"" thanks to prayers by citizens.  ""The corona disease has been eliminated thanks to God,"" Mr Magufuli told worshippers in a church in the capital, Dodoma.   "	2
New Zealand, an astonishingly beautiful country free from  coronavirus  COVID-19.   	2
Scotland reports no new  coronavirus  deaths in last 24 hours.   	2
Psycho terrorist attack? She dealt with it. Volcanic Eruption? She dealt with it.  Corona Virus ? You guessed it, she dealt with it.  New Zealand is officially corona free and that too with a strong AF economy! BTW, She did all this while raising a newborn too. #jacindaardern 	2
'The risk of dying of  coronavirus  between the age of 5-14 is less than being struck by lightning.'  Scientists say with the risk so low children shouldn't be deprived of their education, according to @Drhilaryjones .  #AskDrH   Tune in from 6am    	2
" Safari parks and drive-in cinemas can open from Monday, as well as zoos ""provided visitor numbers are managed"", the Prime Minister has announced  All the latest "	2
It may not look much but there's been a 38% decrease in the 7 day average of UK reported  coronavirus  (COVID-19) infections over the last 2 weeks.  	2
Venda people are from Limpopo, you mess with them, you also messing with Pedi and Tsonga.   We are capable of ending  Corona Virus . NASI!!    #sifisohlophemustfall 	2
At midnight on Wednesday the electricity grid won’t have burnt any coal for 60 days.  Now we’ve glimpsed what’s possible we must #buildbackbetter  	2
Getting tested today for  coronavirus  because of mild symptoms. It's super efficient and easy so far!  	2
Hydroxychloroquine rated ‘most effective’  coronavirus  treatment, poll of doctors finds:   	2
Venezuela: We have received medical equipment and  Coronavirus  diagnostic tests from Iran    	2
Corona virus  has become less dangerous, the corona vaccine will come soon  	2
5/What didn't happen is always hard to appreciate. Solomon Hsiang captured the power of stay-at-home orders vividly:  No human effort has ever saved so many lives in such a short period of time.  Another story about the study, and a 2nd one on Europe:  	2
Like old times: More than 20,000 fans packed a New Zealand stadium for a rugby match this weekend.   No masks, no social distancing. Fans cheering and drinking beer. The nation has had remarkable success against the  coronavirus .    	2
I didn't realize how mouthy Yellow-breasted Chats are! A rarely seen bird for me now common this year thanks to changing habits in our new  coronavirus  world  	2
Just had delivery of my Doctor Who face mask so now I can exterminate   coronavirus !  	2
Full recovery expected for #COVID -19 lung transplant patient  	2
# PMIKFightingForNation  Prime Minister Imran Khan on Friday sounded optimistic that war against  coronavirus  will be won with the united resolve of the nation. @TeamPVFofficial	2
From   to #Ethiopia     Aircraft of 33 tons of medical aids to help stop the spread of #coronavirus   	2
Dem 2 Brothers and a Grill in Charleston is one of 25 barbecue places in the country to receive $10,000 from Kingsford Charcoal.  	2
Not only have there been no deaths from #coronavirus  in Scotland in last 24 hours, there are now only 7 people with Covid  still in intensive care in whole country. (None outside Lothian) Praise where praise is due to NHS, carers and .. yes ... @scotgov	2
These eighth-graders spent the entire year raising $2,800 for a rafting trip. Rather than mope after the trip's cancellation, they chose to make a major impact by using the money to help the Navajo Nation, which is struggling amid the  coronavirus  pandemic.    	2
# Coronavirus  is in retreat across the country - but we must still be vigilant in our national effort & protect our NHS 	2
JUST IN: Moderna plans to start its phase 3  coronavirus  vaccine trial in July, @MegTirrell  reports.     	2
No deaths of people with #coronavirus  have been reported in London in the last 24 hours, NHS England says    	2
Coronavirus  will end soon. In Jesus name.   RT, if you believe.	2
Coronavirus  news: A young woman whose lungs were ravaged by Covid-19 is alive thanks to a double lung transplant, say her surgeons in Chicago. This is the first known lung transplant in the US for Covid-19, offering new hope for patients. Here's the story:    	2
Other countries responded quickly and aggressively to combat the spread of  coronavirus 	2
BREAKING GOOD NEWS ALERT:  New Zealand has announced it no longer has any patients in hospital being treated for  coronavirus .  It comes on the fifth straight day where no new cases have been reported.  This is what winning looks like.     	2
One of the greatest assets we have to stop the  coronavirus  spreading is you.  Please stay local, making sure that you’re keeping 2 metres apart, and washing your hands regularly, especially when you return home.  With your help, we can #KeepWalesSafe . 	2
I’m  CORONAVIRUS  Free   (14 days since first symptoms)  	2
Each of us can stop the spread the spread of  Coronavirus .  It’s up to us, New York.  	2
@rajinikanth  appreciates his fans for their work in extending relief to needy during #coronavirus  outbreak. Urges them to take care of their families, wear #mask  and follow #SocialDistancing  . 	2
My husband recovered from  Coronavirus  taking #Hydroxychloroquine  and #Azithromycine	2
The beautiful Jacinda Ardern declares victory over the  Corona virus . #NewZealand 	2
