cleaned	prediction
in opinion if the united states had the coronavirus death rate of the average femaleled country, 102,000 american lives would have been saved out of the 114,000 lost, @nickkristof writes ¬†	1
this isnt good: covid19 hospitalizations have been on the rise since memorial day in texas, the carolinas, calif., oregon, ark., miss., utah, and arizona. overall, the us continues to have 20,000 known cases per day and testing is down rather than up. 	0
14 states and puerto rico hit highest sevenday average of new coronavirus infections ¬†	0
new zealand goes 20 days with no new coronavirus cases ¬† 	2
yesterday, the u.s. surpassed 2 million coronavirus cases ‚äî and the virus is still killing nearly 1,000 americans per day. it‚äôs heartbreaking. this pandemic is not behind us and we need to stay vigilant in making sure our communities are prepared.	0
christian happi is working in nigeria to develop covid19 tests. ‚äúpeople might have thought that this work was impossible in africa, but we are demonstrating that the continent‚äôs scientists can generate crucial data in the global fight against covid19.‚äù ¬†	2
in a matter of months, the covid19 pandemic has brought the academic job market close to collapse in many parts of the world. ¬†	0
dem 2 brothers and a grill in charleston is one of 25 barbecue places in the country to receive $10,000 from kingsford charcoal. 	2
wearing a mask for coronavirus can be a good thing... especially if you have bad wrinkles, bad breath, bad teeth, or no teeth! 	2
coronavirus r all you need to know 	1
l.a. county coronavirus update: highest singleday total of new cases since pandemic began ¬† 	0
joe biden has increased his lead over trump to 12 percentage points in michigan, where voters are unhappy with trumps response to the coronavirus pandemic, according to a new poll. #biden2020 	1
coronavirus : oxford scientists working on covid19 vaccine near breakthrough on antibody treatment 	2
india: protect yourself and others from coronavirus . 	1
health experts warn of the potential for covid19 spread when president trump resumes his rallies next weekend in oklahoma. trump plans to speak before supporters indoors at a 19,000seat arena in tulsa on saturday. ¬†	0
if you reverse the word coronavirus you get surivan or oc translatation from hindi to english means sunrise & eye. #conspiracytheory #illuminati #coronavirus 	1
this dog groomer is working hard to keep new york city dogs clean and healthy by offering free services to pet parents financially impacted by the coronavirus pandemic ¬†	1
wigan has more coronavirus deaths than australia and new zealand combined.	0
$87 million dollars is a lot of hardearned tax payer money. and at the moment money is hard to come by for a lot of new zealanders. one principal says he now has $70,000 of modems stored in a school cupboard. what a terrible waste. #education #nzpol 	0
since the signing of #schengen treaty 35 years ago today, citizens have learned to enjoy the value of freedom of movement in the eu. i am happy that after the restrictions imposed by the #coronavirus pandemic, borders are now reopening across the schengen area and the eu. 	2
this is a tragedy we knew was coming. ‚äúnearly 2,000 people in and around leticia are sick with covid19. about 70 have died. that might not sound like a colossal death toll at first. this amounts to the highest percapita death rate in all of colombia‚äù 	0
satellite images of packed wuhan hospitals suggest coronavirus outbreak began earlier than thought 	1
1four out of the five most populous counties in texas ‚äî dallas, harris, bexar and travis ‚äî have hit their highest sevenday average of new cases of #coronavirus in the last week. dallas and harris are currently at their highs. 	0
minuchin and the trump administration refuse to reveal who got the 500 billion in aid. why don‚äôt we call this what it is white collar looting but its billions they are stealing #endtrumpswaronamerica 	0
so nigerian alleged billionaire hushpuppi has been arrested by interpol for scamming and money laundering of over $100million which was supposed to be given to native americans during the corona virus pandemic. 	1
help us help you stay safe in hospital ‚äì when you come to hospital for planned and outpatient care as a visitor, you will need to wear a face covering. by doing so you are helping to reduce the risk of spreading coronavirus and keeping our hospitals safe. @stopfordians #hospital 	1
selling wristband to raise money for 1. the family of recently deceased lisa mccullagh 2. the family of george floyd 3. ¬† san francisco 4. @nhscharities 5. @nycmayorsfund 6. mayorsfundla 7.‚ä¶ 	1
scoop: trump to restart rallies within next 2 weeks a decision that turning point since the coronavirus shut down traditional campaigning this spring. more >> 	1
this is important: from tomorrow, it is compulsory to wear face coverings on public transport. if you absolutely must travel, please wear a face covering for the entire journey to help slow the spread of #covid19 . share this with your family and friends to let them know. 	1
the coronavirus pandemic isnt over just because the weather changed. 	0
this is one recent explanation: #covid19 covid19 inflames the lining of blood vessels thru the whole body, thus the diverse effects beyond the lungs, its not designed but it is systemic:	1
kudlow: there‚äôs no 2nd #coronavirus spike, were not shutting down #economy 	2
i tested positive for sarscov2, in contact tracing two weeks ago. as per uttar pradesh guidelines, i was immediately isolated. heres my personal experience of days in isolation ward26, in govts pgi hospital, noida. #gautambuddhnagar #covid19india 	1
hope yall staying safe? wash your hands and dont forget to rock your mask too coronavirus is real. 	1
dr. fauci delivered a grim assessment of #coronavirus calling #covid19 his ‚äúworst nightmare‚äù‚äîhighly contagious respiratory infection causing serious illness & death. ‚äúin a period of 4 months, it has devastated the whole world. and it isn‚äôt over yet.‚äù 	0
people don‚äôt just burn down a wendy‚äôs like this out of normal anger and frustration. we have reached a boiling point in our country when it comes to racial and economic injustice. the coronavirus shutdown and the uncertainty for our future is the perfect formula for a revolution.	0
 after my friends bought the masks, they found the mask helped them a lot. dwi rahayu began making these transparent face masks to help deaf and mute people communicate during the #coronavirus pandemic in indonesia. @zazein #bersatulawancovid19 	2
a top market expert details how 6 factors that fueled the coronavirus crash will shape the stock markets recovery 	1
so orange county health directors mandated that everyone wear masks. then she was forced to resign due to pushback and death threats. now the new oc health director says face masks arent mandatory anymore. ¬† ‚ä¶	1
good for her. good for us. good for the truth! i hope the media covers this. its a great story. fired florida scientist builds coronavirus site showing far more cases than state reports 	2
this symbol means lunch time in china #coronavirus 	1
‚äúweve seen what happens when the roads are quieter ‚äì and millions of people have responded by jumping on bikes for the first time in years or, indeed, for the first time ever.‚äù	1
coronavirus : beijing shuts food market and goes into in wartime emergency mode after spike in covid19 cases 	0
just had delivery of my doctor who face mask so now i can exterminate coronavirus ! 	2
scotland reports no new coronavirus deaths in last 24 hours. 	2
other countries responded quickly and aggressively to combat the spread of coronavirus 	2
for the first time since coronavirus outbreak, number of recovered patients exceeded the number of active cases. 	2
80% of us voters believe things are out of control in the country, with majorities concerned about the coronavirus , the economy and president trump‚äôs ability to unite the nation, according to latest nbc newswsj poll. ¬†	0
djokovic asks the crowd to stand up to remember the victims of the coronavirus . 	1
7,998,006 #coronavirus cases as of 20200615 03:20:02 	1
back of the envelope math: preventing 62 million us infections likely saved a quarter of a million lives‚äîand maybe far more, by preventing health system collapse. keep wearing your mask. 	2
cuomo threatens to shut down manhattan, hamptons again if coronavirus socialdistancing rules brokenthis genius must have been in a coma the past two weeks. did he miss a million people screaming and spitting two feet from each other for days?! moron 	0
at a time when coronavirus cases are on the rise, @kimspbmh covid hospital the first and only of its kind public private partnership model based standalone facility has successfully treated over 1000 patients in #odisha ... read more: ¬† ‚ä¶ 	2
updated: rising covid19 hospitalizations in travis county trigger stage 4 recommendations 	0
devastating new homelessness numbers in los angeles. the homeless population in the county increased 13% to 66,433 ‚äî¬†equivalent to a city the size of redondo beach. these figures dont take into account the effects of the coronavirus pandemic 	0
5what didnt happen is always hard to appreciate. solomon hsiang captured the power of stayathome orders vividly: no human effort has ever saved so many lives in such a short period of time. another story about the study, and a 2nd one on europe: 	2
northern ireland records zero deaths related to coronavirus for the fourth day in a row. ¬† 	2
# pmikfightingfornation prime minister imran khan had last month launched the relief fund to fight coronavirus and had urged everyone to donate generously to the initiative. 	2
my husband recovered from coronavirus taking #hydroxychloroquine and #azithromycine	2
thailand reports zero coronavirus cases and zero deaths for first time in three weeks	2
 coronavirus probably coming back. the first wave never ended, we acclimated to 1,000 deaths a day and dont talk about it, and the entire social contract has been called off between the government and the governed. six months left in 2020.	0
so much respect to @marcusrashford for all the work he has done for charities and children during the #coronavirus pandemic. a brilliant young man. 	2
texas saw a surge of covid19 cases in our private detention centers this week. sen. cornyn is a top recipient of campaign money from the private detention industry. so what is he doing about it? nothing. 	0
each of us can stop the spread the spread of coronavirus . it‚äôs up to us, new york. 	2
# pmikleadingtheworld the scheme ehsas emergency cash programme is aimed at providing relief to poor people hit by the lockdown, put in place due to coronavirus . @lmaha01 	1
1we tracked a nursing home in burlington, vt., which had one of the first outbreaks of the coronavirus on the east coast. 11 people died of covid; some survived it, even a 90yearold. our story: 	1
deeprooted inequality and graft have thwarted the steps peru took to prepare for its response to the coronavirus pandemic.¬† ¬†	0
free #coronavirus testing today 10am‚äî2pm f street nw btwn 4th & 5th 2241 martin luther king jr ave se... this site has had the shortest line 4pm‚äî8pm engine 4 2531 sherman ave nw engine 12 2225 5th street ne need a test? get a test ¬† #covid19	1
# coronavirus fatalities in iran exceeded 50,000 this catastrophe and such great loss of lives could have been avoided. the death toll in #iran and even the official figures could not be compared to the death toll in other countries in the middle east. 	0
we‚äôre making lowtraffic neighbourhoods a key part of the #streetspaceldn plan. planters, like these in hounslow, are a greener way of stopping cars blocking our roads while keeping access for residents. its simple: quieter, safer roads enable more londoners to walk and cycle.	2
now the research from who is showing that the risk of asymptomatic people transmitting coronavirus is extremely rare. if that is true, that means we do not need social distancing, masking and it means that we can reopen america and get back to life as normal. #reopenamerica	2
sources: expected protocol if an nba player leaves the orlando bubble: quarantined for no less than 10 days and must have two negative coronavirus tests.	1
coronavirus may not discriminate. but our system does. 	0
seattle #coronavirus survivor given $1.1 million hospital bill with over 180 pages of charges. story: ¬† 	1
like old times: more than 20,000 fans packed a new zealand stadium for a rugby match this weekend. no masks, no social distancing. fans cheering and drinking beer. the nation has had remarkable success against the coronavirus . ¬†	2
are they literally f****** kidding!?! shut down nations, demolish economies, lock people inside their homes, strip their sanity and freedom only now to state asymptomatic spread is extremely rare! but dont worry no one will protest over this! #scamdemic 	0
breaking news: dinkleberg tests negative for coronavirus 	2
coronavirus news: a young woman whose lungs were ravaged by covid19 is alive thanks to a double lung transplant, say her surgeons in chicago. this is the first known lung transplant in the us for covid19, offering new hope for patients. heres the story: ¬†	2
switzerland is the safest place on earth #coronavirus #covid19 	2
good news! @who says asymptomatic spread of covid is rare. i agree and it makes sense each cough may emit ~3000 and sneeze ~40,000 droplets from a symptomatic patie cnbc.com20200608asy mptomaticcoronaviruspatientsarentspreadingnewinfectionswhosays.html ¬† ‚ä¶	2
last night at kid rock‚äôs big honky tonk and rock n‚äô roll steakhouse in nashville, tn. nashville is in phase 2, allowing restaurants and retail stores to open at 75 percent capacity, while bars remain closed. how is this even legal? #covid #coronavirus 	0
i wish you all a nice week. let us both be careful of coronavirus covid19. 	2
nearly 1,000 americans are still dying every day from coronavirus . this pandemic is not over. well check in wmedical experts tonight during our special @cnnsitroom 710pm et. here are the latest numbers of u.s. deaths: june 9 983 june 10 ‚äì 930 june 11 ‚äì 896 june 12 851	0
‚äúdr. anthony s. fauci, delivered a grim assessment of the devastation wrought around the world by the virus, describing covid19 on tuesday as his ‚äòworst nightmare‚äô. he said ‚äòwe‚äôre at the beginning of it‚äô.‚äù 	0
# pmikleadingtheworld i really appreciate and admire his leadership during the fight against coronavirus , he is an amazing leader. great leader @mashterani 	2
coronavirus : brazil judge orders bolsonaro to publish full data ¬†	1
in #usa the view of #china has also followed a trend among both sides 	1
floridas gov. ron desantis shrugs off bad coronavirus news as cases rocket 35% in a single day. ¬†	0
tanzanias president john magufuli has declared the country coronavirus free thanks to prayers by citizens. the corona disease has been eliminated thanks to god, mr magufuli told worshippers in a church in the capital, dodoma. 	2
survey reveals french public has lost confidence in scientists during the coronavirus pandemic ¬†	0
the fed said if economic activity remained weak due to virusrelated disruptions more businesses could fail, leading more temporary layoffs to become permanent ¬†	0
just got my coronavirus test results 	1
it is with great joy i want say that many people are getting cured from corona virus . but hey! dont you want more people to live with relief ?! help now, they need you! help us spread the cure! donation for plasma! #donateplasmaforhumanity 	2
this should make every person in the world mad as hell reading this esp. those of us whove been locked down in our homes & forced out of businesses for mnths. or arrested for defying covid lockdown orders. this letter is the elite openly mocking us. ¬†	0
iran is struggling to maintain its influence over iraqi militias since the killing of a top iranian general and top militia leader in a u.s. drone strike. irans economy is being hammered by the combination of u.s. sanctions and the coronavirus pandemic. ¬†	0
new zealand has successfully wiped out #coronavirus after the final person known to have been infected recovered ¬†	2
researchers ask if survivor #plasma could prevent coronavirus @jamacurrent 	1
coronavirus doesn‚äôt give a shit what you‚äôre protesting 	0
breaking: there are now over 113,000 american deaths from coronavirus and over 2 million cases. trump is the biggest failure and fraud ever. this is on him.	0
donors tonight at $3million fundraiser with pres trump at his nj golf club underwent coronavirus tests to get in. they had to test negative for covid19, fill out a wellness questionnaire and pass a temperature screening. costs for the tests paid by the trump campaign and rnc.	1
this is the first year i‚äôm not going to fiji because of coronavirus . normally, all the other years i don‚äôt go because i‚äôm skint. 	1
some good news! #newyorktough 	2
# ourarmyourpride according to ispr, the pakistan army is ready to deal with the situation caused by the corona virus . according to the decisions of the national security committee, the medical facilities of the pakistan army are ready to compete...!!!! @teamispofficial 	2
indonesia #covid19 daily people tests stats: until today updates indonesia has tested total 287,478 people with result of 34,317 total positive cases, with 11.93% positive rate. below is charts of people tested per day. #covid19indonesia 	1
a nineyearold kenyan boy who made a wooden handwashing machine to help curb the spread of coronavirus says he is very happy after receiving a presidential award 	2
joe biden says trumps handling of the coronavirus pandemic was almost criminal. ¬†	0
we have just passed another grim milestone: 116,527 americans have died from the coronavirus , more than were lost in ww i. sadly, we seem to have normalized death. there was much ballyhoo when we passed 911, the korean and then vietnam war. we are tragically becoming numb. 	0
itzan escamilla testing for coronavirus before starting filming season 4 of #elitenetflix 	1
first the wildfire, then ww3 almost started, third the corona virus . now this racism and killing with black people. whats next 2020?	0
breaking good news alert: new zealand has announced it no longer has any patients in hospital being treated for coronavirus . it comes on the fifth straight day where no new cases have been reported. this is what winning looks like. 	2
picture of a covid19 infected lung belonging to a previously healthy american woman in her 20s. the woman had to transplant both of her lungs after catching the virus. the successful surgery took approximately 10 hours: nytimes 	1
new zealand lifted all domestic coronavirus restrictions on monday after its final covid19 patient was given the all clear, with prime minister jacinda ardern revealing she danced around her living room when told about the milestone. ¬† 	2
bye bye buffets, hello plexiglass: how coronavirus is changing hotels 	1
a housing apocalypse is coming. a tsunami of renter evictions will happen unless we get seriously organized. working peoples homeownership was destroyed after great recession, especially sharply for black & latinx. that homeownership never recovered. ‚ä¶	0
president trump is set to begin holding large political rallies this month, despite the ongoing pandemic. his campaign did not comment on the specifics of safety protocols. ¬†	1
i actually think 2020 offers a unique opportunity for change. the australian bushfires should change the conversation on the environment, coronavirus should change the conversation on economic inequality and george floyd should change the conversation on racial inequality.	2
as theaters and clubs remain closed, 90% of independent venue owners, promoters and bookers say that they will have to close permanently within the next few months without assistance. ¬†	0
coronavirus right now looking at naira marley and his fans in abuja.. 	1
amazing. new zealand has eliminated the coronavirus domestically, so can lift all containment measures except for border controls. that‚äôs how it‚äôs done. that really is how it‚äôs done. 	2
with nearly 1,100 dead and hospitalizations spiking rapidly in arizona, lawmakers and medical professionals are warning there might not be enough emergency room beds to handle what could be a big influx of new cases. ¬†	0
one of my longtime favourites #copenhagen s pedestrianfriendly transformation didnt happen overnight. but are we now seeing this kind of urban transformation in weeks or months instead of years or decades because of #coronavirus ? ht @citiesforpeople . 	2
thats just crazy. bickering between government and opposition meant they cant even agree to debate a bill to help those with disabilities and crack down on coronavirus assistance cheats. so debate delayed until next week. good grief.	0
trump may be done with the coronavirus but the coronavirus is not done with america by a long shot	0
# pmikleadingtheworld pakistan‚äôs allweather ally china, despite being hit by the coronavirus itself, also has lent a supporting hand and doled out muchneeded medical equipment and other goods both at the government and provincial levels. @binish88 	2
sorry but you cant claim to be the most transparent president in history and then try to keep $511 billion in taxpayer funded loans confidential. 	0
china: parts of beijing locked down due to fresh coronavirus cluster.	1
 safari parks and drivein cinemas can open from monday, as well as zoos provided visitor numbers are managed, the prime minister has announced all the latest 	2
oops, they did it again: the simpsons mightve predicted coronavirus & riots in the us, media claims #simpsonspredictions ¬†	1
remember: florida ordered coroners to stop releasing #republicansvirus death data: report ¬† ‚ä¶	1
a team of mathematicians at mit has added some order to the chaos that is the rapidly growing number of online scientific talks and meetings available during the pandemic by creating a website that compiles links to free talks around the world. ¬†	2
updated: the #prayer in light of the #coronavirus pandemic: wearing gloves 	1
new study indicates mutation d614g: may stabilize & number of spike proteins may chance #sarscov2 infects a cell but the study is: lab based not yet peer reviewed more research needed to assess validity & any conclusions about infectivity. nytimes.com20200612sci encecoronavirusmutationgeneticsspike.html ¬† ‚ä¶	1
coronavirus out of control in az and doug ducey is still in charge ... 	0
the risk of dying of coronavirus between the age of 514 is less than being struck by lightning. scientists say with the risk so low children shouldnt be deprived of their education, according to @drhilaryjones . #askdrh tune in from 6am ¬† 	2
coronavirus will end soon. in jesus name. rt, if you believe.	2
# covid19 drivein test centres run by deloitte; contract tracing run by serco, helped by capita. i think george bernard shaw had something to say on the matter in 1911. #coronavirus 	1
doctors in chicago have performed a double lung transplant on a young woman whose lungs were damaged by covid19. ¬†	1
coronavirus also introduces us to a completely new world of life, it is better to be safe than sorry.................. 	1
president trump is planning to hold his first rally of the coronavirus era on june 19 in tulsa, oklahoma. he says hes also planning events in florida, texas and arizona. ¬†	1
wisconsin was a wake up call. georgia was a siren. if we don‚äôt urgently expand vote by mail and make it easy to vote safely in person, millions will be disenfranchised in november & legitimacy of 2020 election will be questioned 	0
i need londoners to be part of shaping our city‚äôs recovery from #covid19 . what do you want us to change about life here, as part of the recovery? let us know:	1
as the rioters and looters took to the streets for two weeks the media said they were expressing their feelings. now that we are talking about trump rallies all of the sudden the media is talking about the surge of coronavirus . hypocrisy at its finest.	0
as at 6th of june, 2020, the @ncdcgov reported 389 new cases of #covid19 in nigeria bringing the total number of reported cases to 12233. also, according to @ncdcgov , a total of 3826 recoveries and 342 deaths have been recorded, so far, in nigeria. #knowcovid19 #coronavirus 	1
nursing homes have proven to be some of the most vulnerable places for spreading the novel coronavirus , yet some states across the country are providing perverse incentives for bad nursing homes to take covid19 patients. 	0
the countys determinationn to fight corona virus saw them procure icu beds to accommodate the patients incase of the new infections rise #isiologovernordelivers 	2
calling coronavirus a distinctly ‚äúnew york issue‚äù would be a mistake. as the epicenter of the pandemic embarks on its reopening, keep in mind that what‚äôs good for getting new york healthy and bustling again is good for the rest of the country as well ¬†	1
the waiver trump is requiring attendees of his oklahoma rally to sign saying they wont hold him responsible, if they contract the #coronavirus . *that waiver does not cover all the people who come in contact with the attendees who signed it, and contract the virus from them.	1
venda people are from limpopo, you mess with them, you also messing with pedi and tsonga. we are capable of ending corona virus . nasi!! #sifisohlophemustfall 	2
from to #ethiopia aircraft of 33 tons of medical aids to help stop the spread of #coronavirus 	2
the beautiful jacinda ardern declares victory over the corona virus . #newzealand 	2
# coronavirusupdates 202069 23:59 utc total #covid19 deaths chart 1 usa: 114.148 1.093 uk: 40.883 283 brazil: 38.497 1.185 italy: 34.043 79 france: 29.296 87 spain: 27.136 0 mexico: 14.053 354 	1
get well soon lala #shahidafridi #coronavirus 	2
what do countries with the best coronavirus reponses have in common? women leaders 	1
 latest global status of covid19 coronavirus 	1
here‚äôs maybe the most revealing fact about how health insurance corporations really see the current climate in america: they‚äôre reaping massive profits this year. in the middle of a pandemic that‚äôs devastating communities of color. 89 	0
reported us coronavirus deaths: mar. 10: 31 deaths apr. 10: 18,758 deaths may 10: 79,525 deaths june 10: 112,895 deaths	1
attendees cannot sue the trump campaign or the venue if they contract the coronavirus at his june 19 rally in tulsa, oklahoma ¬†	1
117,000 americans have now died from the coronavirus . there is no cure. there is no vaccine. there still aren‚äôt enough tests. or tracing. cases are spiking in some states. and the president of the united states has absolutely no plan to do anything about it.	0
a lot of cities are canceling fourth of july celebrations because of the coronavirus . you can gather to riot but not celebrate our country? liberal hypocrisy at its finest.	0
hydroxychloroquine rated ‚äòmost effective‚äô coronavirus treatment, poll of doctors finds: 	2
at midnight on wednesday the electricity grid won‚äôt have burnt any coal for 60 days. now we‚äôve glimpsed what‚äôs possible we must #buildbackbetter 	2
a second wave of the coronavirus is on the way. when it arrives, we will lack the will to deal with it. despite all the sacrifices of the past months, the virus is likely to win. my latest @theatlantic . [thread.] 	0
united states coronavirus cases: 2,159,735 deaths: 117,830	1
who: asymptomatic spread of coronavirus is very rare. me: 	1
why hasn‚äôt @speakerpelosi pushed to freeze rent during the coronavirus pandemic? san francisco is one of the most expensive zip codes to live in. perhaps, she‚äôs got 365,000 reasons not to oppose landlords. #replacepelosi 	0
venezuela: we have received medical equipment and coronavirus diagnostic tests from iran 	2
uk will not participate in eu‚äôs #coronavirus fast track vaccine scheme. #torybrexit #covid19 catastrophe 	1
new zealand, which has had no active coronavirus cases in three weeks and only 22 deaths in total, welcomed back sports with fans. : @southernscoop 	2
coronavirus patients without symptoms aren‚äôt driving the spread of the virus, the who says. ¬†	1
its worth remembering how often @realdonaldtrump has misled american about #covid19 . ¬†	0
so, it begins... again! second wave of coronavirus is happening, in china. 	0
before, during, after... #coronavirus 	1
with protests are mostly over, the press is desperately trying to return to pushing the lockdown. too late. we know they are liars, and that they will break any lockdown rule whenever they want. 	0
face masks could reduce coronavirus r number and prevent 2nd wave, scientists say. 	2
# coronavirus is in retreat across the country but we must still be vigilant in our national effort & protect our nhs 	2
psycho terrorist attack? she dealt with it. volcanic eruption? she dealt with it. corona virus ? you guessed it, she dealt with it. new zealand is officially corona free and that too with a strong af economy! btw, she did all this while raising a newborn too. #jacindaardern 	2
the coronavirus pandemic is ebbing in some of the countries that were hit hard early on. but the number of new cases worldwide is growing, with more than 100,000 reported each day. ¬† 	0
according to johns hopkins universitys tally of cases in the united states, there are at least 2,033,003 cases of coronavirus in the u.s.; at least 114,126 people have died in the u.s. from coronavirus .	1
by now, we ought to be seeing some evidence of increasing #covid19 cases from the mass protests. that we are not and not even an increase in testing demand raises very serious doubts about the #coronavirus lockdowns and other npis many of which are still ongoing. thread 	0
a message from puritan‚äôs executive team... #oneswabatatime #keepcalmandswabon #covid19 #coronavirus #swabs 	1
the dos and donts of coronavirus outbreak 	1
there are more than 135 vaccines in development to prevent the spread of coronavirus . keep track of the progress of all the vaccines that have reached human trials here: ¬†	1
new zealand prime minister jacinda ardern says she did a little dance after she announced there were no active cases of coronavirus in the country ¬† 	2
these eighthgraders spent the entire year raising $2,800 for a rafting trip. rather than mope after the trips cancellation, they chose to make a major impact by using the money to help the navajo nation, which is struggling amid the coronavirus pandemic. ¬†	2
trumps rally meets every criteria for the riskiest type of event one expert: with a little bad luck, that scenario could end in the seeding of community outbreaks of covid19 across the u.s.‚äù for trump, its always politics over the nations welfare 	0
this is starting to make the rounds. don‚äôt be fooled. covid takes 12 weeks. the latest spike is from those memorial day dopes. keep fighting! stay safe & if you‚äôre immunocompromised or feeling ill stay home! there are lots of ways to show your support!	1
‚äúi shouldn‚äôt be forced to not take pay or use my vacation, or take the chance of losing my life.‚äù workers in our meatpacking plants are essential. and no one should have to choose between losing their job or going to work sick. #iasen 	0
productive meeting of the @whitehouse coronavirus task force today. we remain focused on opening up america again and ensuring that all states have the resources they need.	2
world health organisation says transmission of coronavirus by patients who show no symptoms is very rare 	1
# pmikfightingfornation to fight coronavirus , pm khan¬†announces a youth force, charity fund	2
brain research shows the arts promote mental health during selfisolation due to coronavirus , many are turning to the arts via @conversationuk 	2
60 million infections prevented in the us 285 million in china 530 million in total across the six countries studied public health measures have been disruptive, but theyve saved millions of lives. ¬†	2
sinovac biotech says its coronavirus shot is safe and capable of eliciting an immune response from human trials ¬†	2
boris johnsons 11 fatal errors in handling coronavirus crisis which cost lives 	0
new zealands prime minister jacinda ardern says shes confident the country has halted the spread of the coronavirus after the last known infected person in the country recovered. it has been 17 days since the last new case was reported there. ¬†	2
pakistan recorded 5,834 coronavirus cases in a single day on june 10. in march, italy was recording over 6,000 cases in a day. 	1
i didnt realize how mouthy yellowbreasted chats are! a rarely seen bird for me now common this year thanks to changing habits in our new coronavirus world 	2
andre guest was a black 16yearold who was living in strict lockdown. coronavirus killed him in 12 days. poor baby. 	0
oh look. coronavirus didnt go anywhere. were all still dying. nice of trump and the gang to just ignore it. @realdonaldtrump , #killingamerica , one day at a time! good times america! good times!!! ¬† ‚ä¶	0
biden says trump‚äôs handling of the coronavirus pandemic was almost criminal ¬†	0
breaking: dr. fauci just said no one should be holding large events, when talking about trump holding rallies, because it‚äôs going to spread coronavirus . it‚äôs nice to hear basic logic, for once.	2
@rajinikanth appreciates his fans for their work in extending relief to needy during #coronavirus outbreak. urges them to take care of their families, wear #mask and follow #socialdistancing . 	2
the department of health in the western cape says it is preparing to take coronavirus patients to the cape town international convention centre from tomorrow. the icc has been converted into a hospital for coronavirus patients who are not seriously ill. #sabcnews	1
the coronavirus death toll has topped 400,000 worldwide, with more than a quarter of those deaths in the u.s. more than 1.9 million people in the u.s. have been infected with covid19. 	1
when we pass 200,000 coronavirus deaths, will anyone even notice?	0
urgent alert!!! all maga morons, before you attend your coronavirus trump rally, do not forget to sign your waiver saying if you get coronavirus , it is not trumps fault. by the way, when you attend, the person standing next to you who coughed probably has coronavirus . enjoy!!! 	0
neymar is back in paris after being nearly three months in brazil due to the coronavirus . 	1
hotel operators are installing stickers on floors to promote social distancing. hand sanitizer dispensers will be placed throughout buildings. at least one hotel moved its lobby to a less crowded location, while others have spaced pool furniture far apart. 	1
as of this week, more than 30,000 people have died from the coronavirus in brazil, including 1,262 on tuesday ‚äî which was the nation‚äôs highest oneday total. the country is nearing 800,000 cases, second only to the u.s. ¬† 	0
the 3rd anniversary event in akihabara has also been replaced with a new virtual event there instead due to the coronavirus . more details will be released soon! 	1
i‚äôm coronavirus free 14 days since first symptoms 	2
dutch protesters demand end to fur farming after coronavirus outbreak ¬†	1
it may not look much but theres been a 38% decrease in the 7 day average of uk reported coronavirus covid19 infections over the last 2 weeks. 	2
# pmikfightingfornation prime minister imran khan on friday sounded optimistic that war against coronavirus will be won with the united resolve of the nation. @teampvfofficial	2
george floyd death: protests undoubtedly risk increasing coronavirus cases, matt hancock says more demos thousands more dead end of racism fucking idiots wake up plebs of britain	0
coronavirus is murdering american citizens donald trumps solution please do not sue me if you catch the coronavirus at my rally are you fucking* kidding me 110 still counting dead from the coronavirus trump dont give a fuk about no one except himself and his reelection 	0
getting tested today for coronavirus because of mild symptoms. its super efficient and easy so far! 	2
there are people who feel that if not controlled, the population of nigeria may spill over, therefore,¬† there is a need to keep quiet and watch nigerians die. if hiv did not kill them, coronavirus ,¬† or terrorist attacks will. @mazinnamdikanu | 10.06.2020	0
ms. eileen stein said it perfectly: i dont have enough adjectives. he is one of the finest people in the world. 	2
there‚äôs a new program helping women find work during the coronavirus pandemic.@canva ,#coronavirus ,#datacom ¬†	1
president trump will hold a campaign rally next week at a venue in tulsa, okla., that can hold 19,000 people. a disclaimer says attendees cannot sue the trump campaign if theyre exposed to covid19 at the rally. ¬†	1
greece is only allowing countries that have managed the coronavirus well to visit they have almost no cases. albania yes. the us not allowed.	1
texas is in rough shape, man. 	0
unreal. as trump resumes indoor rallies, his campaign has implemented a new policy that attendees cannot sue if they contract coronavirus at an event. trump supporters, please think about what this means: the man does not care if you live or die. 	0
6 hour lines to vote hundreds of polling places closed states unprepared for mail voting huge numbers of ballots rejected voter suppression we‚äôre seeing in georgia today could happen nationwide in nov if we don‚äôt need fix broken voting system asap 	0
no deaths of people with #coronavirus have been reported in london in the last 24 hours, nhs england says ¬†	2
full recovery expected for #covid 19 lung transplant patient 	2
ohio! watch this video. the trump recession didn‚äôt start because of #coronavirus . it was in full swing in 2019. trump promised to bring jobs back to your state. he failed. bigly. #demcastoh 	0
breaking: no new coronavirus deaths have been reported in scotland for the second day in a row. 	2
lrh peshawar starts virtual meetings of coronavirus patients with their families. an old man on a live video with his son. other hospitals must also initiate such steps. 	1
corona virus @new order of deputy commissioner sanghar 	1
once again trump admin is not prepared. why wasn‚äôt this anticipated? remdesivir, the only drug known to work for covid19 treatment will run out at the end of this month. guess it‚äôs not one of jared kushner‚äôs ‚äúsuccess stories‚äù 	0
new zealand lifts all social and economic restrictions except border controls after declaring it is free of the coronavirus , one of the first countries in the world to return to prepandemic normality ¬† 13 	2
seattle coronavirus survivor gets a $1.1 million, 181page hospital bill 	1
we aren‚äôt even out of the first wave of covid. come on people!! 	0
are you out shopping today? you should wear a face covering if you can, to protect yourself and those around you from #coronavirus #stayalert 	1
netanyahu says public carelessness driving coronavirus infections up 	0
we love those triumphant scenes of covid19 patients leaving the icu alive. heres what you dont often see: washingtonpost.comhealth20200609coronavirusventilatorrehabilitation?arc404=true ¬† ‚ä¶	2
good news that further #coronavirus human vaccine trials begin next week. an encouraging step forward in our national effort. 	2
chicago mayor unveils $5 million coronavirus relief fund for undocumented immigrants, college students ¬† 	1
major relief brought in gst filings for small taxpayers in wake of coronavirus pandemic. 	2
coronavirus : where is the science behind social distancing? dr vernon coleman mb chb dsc frsa 	1
one of the greatest assets we have to stop the coronavirus spreading is you. please stay local, making sure that you‚äôre keeping 2 metres apart, and washing your hands regularly, especially when you return home. with your help, we can #keepwalessafe . 	2
near 80% of people would personally do as much for climate as they have for coronavirus . via @forbes 	1
not only have there been no deaths from #coronavirus in scotland in last 24 hours, there are now only 7 people with covid still in intensive care in whole country. none outside lothian praise where praise is due to nhs, carers and .. yes ... @scotgov	2
corona virus has become less dangerous, the corona vaccine will come soon 	2
# eliminateptmbla dawar is seen telling the villagers that coronavirus is ‚äònothing‚äô and that it is ‚äòjust a way to make money @tmrocks	1
i worry that the recognition we gave to passing 100,000 americans killed by coronavirus also marked the end of many peoples continuing concern about the pandemic. 13,000 have died just since that moment. this isnt done. we cant just stick our heads in the sand.	0
the coronavirus is worse than ever in alabama. adph shows 848 new cases since yesterday, the most in a day since the start of the pandemic. it also pushes the 7day average of new daily cases to an alltime high of nearly 530 the first time its been over 500. 	0
90% of the uk coronavirus cases traced back to holiday hotspots spain, france, belgium and italy. at the height of the pandemic, there were no quarantine rules for arrivals and still no tests. the govt negligence caused thousands of avoidable deaths. 	0
illegal immigration is a huge problem that no one is talking about because of corona virus . we need to bring attention back to our borders and back to the crisis of illegal immigration. our immigration system is broken and it must be fixed! #putsouthafricansfirstnow	0
we just broke the downtrend on #covid19 in america. #coronavirus #protests 	0
the novel coronavirus spreads mainly via airborne transmission and wearing a mask is the most effective way to stop persontoperson spread, according to a new study ¬†	1
kudlow to @jaketapper : ‚äúhospitalizations may be going up but that‚äôs because elected procedures are now permitted.‚äù texas has reported the number of those hospitalized with coronavirus is at an alltime high. arizona warned that its icu‚äôs are filling up with covid19 cases.	0
this is our money. and these kleptocrats refuse to say where the money went. we are not talking about $5 million. or even $500 million. we are talking about $511 billion they refuse to say who received it. 	0
really positive suggestions here in the neus 10point national education recovery plan ¬† ‚ä¶	2
the coronavirus is still killing thousands of americans every week, but trump isnt very interested ¬†	0
in wales, we‚äôre making sure children who receive free school meals will receive this support now and through the summer holidays. for further information on eligibility and how to apply, please see below ¬†	1
last night on @maddow i had the chance to lay out where this #covid19 crisis was back in february, where the #pandemic is now and, tragically, where were headed. 	1
new zealand, an astonishingly beautiful country free from coronavirus covid19. 	2
covid19 has taken away everything we had our freedom, our peace of mind and even our lives. now, the time has come to take revenge on the coronavirus by digesting it, literally. #coronafreebharatwithpatanjali 	0
hillary clinton questions how anybody with a beating heart and a working mind can still support trump after disastrous coronavirus and protest response 	0
kansas gop leadership just successfully blocked medicaid expansion for another legislative session ‚äî in the middle of a pandemic and economic crisis. that‚äôs so deeply irresponsible. #kssen #ksleg 	0
oxford scientists working on coronavirus vaccine near breakthrough on antibody treatment 	2
coronavirus live news: new zealand covid19 free as global cases pass 7 million 	1
the good news is the coronavirus can be almost entirely contained with a national strategy. vietnam, czech republic, new zealand, italy, germany, s korea, hong kong have all showed coordinated strategy works. 16	2
if we had a president who told people to wear masks, less americans would end up dying of coronavirus	0
trump‚äôs mishandling of #covid19 and his senseless economic policies led us into a recession and brought an end to the longest economic expansion in american history. this is his legacy. ¬†	0
‚äúvietnam literally declared war on the coronavirus . the military was mobilized for health care missions, and their bases converted to mandatory quarantine sites,‚äù reports special correspondent mike cerre ¬†	1
how corona virus ruined whole year ¬† ‚ä¶	0
latham, ny, united states 06.11.2020 ny responds to coronavirus with 3,620 troops. 	1
new zealand prime minister jacinda ardern has announced that almost all coronavirus restrictions in the country will be lifted tomorrow, after it reported no active cases. ¬†	2
just in: moderna plans to start its phase 3 coronavirus vaccine trial in july, @megtirrell reports. ¬† 	2
